N,   px,sex, vx,           po,seo, vo,   lomin, lomax, lxmin, lxmax
100,.86,.35,1.78,1.256,.189,.96,-2.111,2.021,-50.952,2.42
200,1.154,.313,2.26,1.177,.131,.94,-2.111,2.113,-50.952,2.42
300,1.144,.256,2.27,1.204,.121,1.07,-2.111,2.713,-55.74,2.42
400,1.062,.211,2.15,1.155,.097,.99,-2.111,2.713,-55.74,2.42
500,1.058,.19,2.16,1.126,.084,.96,-2.111,2.713,-55.74,2.42
600,1.056,.176,2.2,1.136,.079,.98,-2.111,2.713,-55.74,2.42
700,1.039,.161,2.17,1.128,.071,.96,-2.111,2.713,-55.74,2.42
800,1.081,.154,2.23,1.122,.066,.95,-2.111,2.713,-55.74,2.42
900,1.102,.147,2.25,1.145,.067,1.02,-2.111,2.713,-55.74,2.42
1e3,1.1,.14,2.26,1.156,.064,1.03,-2.111,2.713,-55.74,2.42
1100,1.149,.136,2.31,1.134,.059,1,-2.127,2.713,-55.74,2.42
1200,1.189,.133,2.36,1.138,.056,1,-2.127,2.713,-55.74,2.42
1300,1.184,.128,2.35,1.13,.053,.98,-2.127,2.713,-55.74,2.42
1400,1.171,.123,2.35,1.128,.052,.98,-2.127,2.713,-65.817,2.42
1500,1.205,.121,2.4,1.127,.05,.98,-2.127,2.713,-65.817,2.42
1600,1.205,.118,2.41,1.128,.048,.98,-2.127,2.713,-65.817,2.42
1700,1.193,.114,2.4,1.129,.046,.97,-2.127,2.713,-65.817,2.42
1800,1.193,.111,2.39,1.132,.045,.98,-2.127,2.713,-65.817,2.42
1900,1.186,.107,2.38,1.13,.044,.97,-2.127,2.713,-65.817,2.428
2e3,1.178,.105,2.39,1.132,.043,.98,-2.127,2.756,-65.817,2.428
2100,1.176,.102,2.38,1.131,.042,.98,-2.127,2.756,-65.817,2.428
2200,1.18,.1,2.38,1.132,.041,.98,-2.127,2.756,-65.817,2.428
2300,1.171,.097,2.38,1.134,.04,.98,-2.152,2.756,-65.817,2.428
2400,1.161,.095,2.37,1.139,.04,1.01,-2.153,2.864,-65.817,2.428
2500,1.161,.093,2.36,1.141,.039,1.01,-2.153,2.864,-65.817,2.428
2600,1.145,.09,2.34,1.134,.038,1,-2.153,2.864,-65.817,2.428
2700,1.138,.088,2.33,1.13,.037,.99,-2.153,2.864,-65.817,2.428
2800,1.132,.086,2.33,1.13,.037,.99,-2.153,2.864,-77.144,2.428
2900,1.129,.084,2.32,1.131,.036,.98,-2.153,2.864,-77.144,2.428
3e3,1.125,.083,2.31,1.13,.036,.99,-2.153,2.864,-77.144,2.428
3100,1.123,.081,2.31,1.13,.035,1,-2.153,2.864,-77.144,2.428
3200,1.127,.08,2.31,1.132,.034,.99,-2.153,2.864,-77.144,2.428
3300,1.127,.079,2.31,1.132,.034,.99,-2.153,2.864,-77.144,2.428
3400,1.128,.078,2.31,1.134,.033,.99,-2.153,2.864,-77.144,2.428
3500,1.129,.077,2.32,1.135,.033,.99,-2.153,2.864,-77.144,2.428
3600,1.133,.076,2.33,1.132,.032,.98,-2.153,2.864,-77.144,2.428
3700,1.133,.075,2.33,1.1314,.0316,.98,-2.153,2.864,-77.144,2.428
3800,1.138,.074,2.33,1.1315,.0311,.98,-3.407,2.864,-77.144,2.428
3900,1.135,.073,2.33,1.1294,.0305,.97,-3.407,2.864,-77.144,2.428
4e3,1.138,.072,2.33,1.1282,.0302,.97,-3.407,2.864,-77.144,2.428
4100,1.147,.072,2.35,1.1256,.0297,.97,-3.407,2.864,-77.144,2.428
4200,1.139,.071,2.33,1.1288,.0295,.97,-3.407,2.864,-77.144,2.428
4300,1.134,.07,2.33,1.1298,.0299,1,-3.407,3.268,-77.144,2.428
4400,1.125,.069,2.32,1.1327,.0296,1,-3.407,3.268,-77.144,2.428
4500,1.12,.068,2.31,1.1338,.0294,1.01,-3.407,3.268,-77.144,2.428
4600,1.117,.067,2.31,1.1333,.029,1,-3.407,3.268,-77.144,2.428
4700,1.116,.066,2.31,1.1336,.029,1.01,-3.407,3.268,-77.144,2.428
4800,1.115,.065,2.3,1.1336,.0286,1.01,-3.407,3.268,-77.144,2.428
4900,1.119,.065,2.31,1.1337,.0283,1.01,-3.407,3.268,-77.144,2.428
5e3,1.126,.064,2.31,1.132,.0279,1.01,-3.407,3.268,-77.144,2.428
5100,1.129,.064,2.31,1.1317,.0276,1.01,-3.407,3.268,-77.144,2.428
5200,1.125,.063,2.3,1.1331,.0276,1.02,-3.407,3.268,-77.144,2.428
5300,1.118,.062,2.3,1.1341,.0275,1.02,-3.407,3.268,-77.144,2.428
5400,1.12,.061,2.3,1.1351,.0274,1.03,-3.407,3.268,-77.144,2.428
5500,1.116,.061,2.3,1.1341,.0272,1.03,-3.407,3.268,-77.144,2.428
5600,1.12,.06,2.3,1.1318,.0269,1.03,-3.407,3.268,-77.144,2.428
5700,1.124,.06,2.3,1.1305,.0265,1.02,-3.407,3.268,-77.144,2.428
5800,1.113,.059,2.29,1.1362,.0274,1.06,-3.407,3.567,-77.144,2.428
5900,1.111,.058,2.28,1.1363,.027,1.06,-3.407,3.567,-77.144,2.428
6e3,1.111,.058,2.28,1.1368,.0268,1.06,-3.407,3.567,-77.144,2.428
6100,1.103,.057,2.28,1.1357,.0265,1.06,-3.407,3.567,-77.144,2.428
6200,1.105,.057,2.28,1.1331,.0262,1.05,-3.407,3.567,-77.144,2.428
6300,1.096,.056,2.27,1.1333,.026,1.05,-3.407,3.567,-77.144,2.428
6400,1.098,.056,2.27,1.1323,.0257,1.05,-3.407,3.567,-77.144,2.428
6500,1.093,.055,2.26,1.133,.0256,1.05,-3.407,3.567,-77.144,2.428
6600,1.089,.055,2.26,1.1318,.0253,1.05,-3.407,3.567,-77.144,2.428
6700,1.091,.054,2.26,1.1323,.0251,1.05,-3.407,3.567,-77.144,2.428
6800,1.097,.054,2.26,1.1313,.0249,1.05,-3.407,3.567,-77.144,2.428
6900,1.097,.053,2.26,1.1305,.0247,1.05,-3.407,3.567,-77.144,2.428
7e3,1.105,.053,2.27,1.1297,.0245,1.04,-3.407,3.567,-77.144,2.428
7100,1.108,.053,2.28,1.1276,.0242,1.04,-3.407,3.567,-77.144,2.428
7200,1.108,.053,2.28,1.1262,.024,1.04,-3.407,3.567,-77.144,2.428
7300,1.106,.052,2.28,1.128,.0239,1.04,-3.407,3.567,-77.144,2.428
7400,1.109,.052,2.28,1.1288,.0237,1.04,-3.407,3.567,-77.144,2.428
7500,1.108,.052,2.28,1.1287,.0236,1.04,-3.407,3.567,-77.144,2.428
7600,1.103,.051,2.27,1.1296,.0235,1.04,-3.407,3.567,-77.144,2.428
7700,1.105,.051,2.28,1.128,.0232,1.04,-3.407,3.567,-77.144,2.428
7800,1.102,.05,2.27,1.1271,.0231,1.04,-3.407,3.567,-77.144,2.428
7900,1.1,.05,2.27,1.1252,.0229,1.04,-3.407,3.567,-77.144,2.428
8e3,1.102,.05,2.27,1.1247,.0227,1.04,-3.407,3.567,-77.144,2.428
8100,1.1,.049,2.27,1.1268,.0227,1.04,-3.407,3.567,-77.144,2.428
8200,1.1,.049,2.27,1.1279,.0225,1.04,-3.407,3.567,-77.144,2.428
8300,1.109,.049,2.28,1.1283,.0223,1.04,-3.407,3.567,-77.144,2.428
8400,1.103,.049,2.27,1.1279,.0222,1.04,-3.407,3.567,-77.144,2.428
8500,1.105,.049,2.28,1.1266,.0221,1.04,-3.407,3.567,-77.144,2.428
8600,1.108,.048,2.28,1.1257,.0219,1.04,-3.407,3.567,-77.144,2.428
8700,1.108,.048,2.29,1.1255,.0217,1.03,-3.407,3.567,-77.144,2.428
8800,1.111,.048,2.29,1.1263,.0216,1.03,-3.407,3.567,-77.144,2.428
8900,1.111,.048,2.29,1.1276,.0215,1.03,-3.407,3.567,-77.144,2.428
9e3,1.112,.047,2.29,1.128,.0215,1.04,-3.407,3.567,-77.144,2.428
9100,1.112,.047,2.29,1.1278,.0213,1.04,-3.407,3.567,-77.144,2.428
9200,1.111,.047,2.29,1.127,.0212,1.04,-3.407,3.567,-77.144,2.429
9300,1.107,.046,2.28,1.1286,.0211,1.04,-3.407,3.567,-77.144,2.429
9400,1.107,.046,2.28,1.1284,.021,1.04,-3.407,3.567,-77.144,2.429
9500,1.105,.046,2.28,1.128,.0209,1.04,-3.407,3.567,-77.144,2.429
9600,1.106,.046,2.28,1.126,.0207,1.03,-3.407,3.567,-77.144,2.429
9700,1.108,.045,2.28,1.126,.0206,1.03,-3.407,3.567,-77.144,2.429
9800,1.108,.045,2.28,1.1268,.0206,1.04,-3.407,3.567,-77.144,2.429
9900,1.109,.045,2.29,1.1252,.0204,1.04,-3.407,3.567,-77.144,2.429
1e4,1.109,.045,2.29,1.1245,.0203,1.04,-3.407,3.567,-77.144,2.429
10100,1.109,.045,2.29,1.125,.0203,1.04,-3.407,3.567,-77.144,2.429
10200,1.108,.044,2.29,1.1232,.0202,1.04,-3.407,3.567,-77.144,2.429
10300,1.106,.044,2.29,1.1244,.0202,1.04,-3.407,3.567,-77.144,2.429
10400,1.102,.044,2.28,1.1226,.02,1.04,-3.407,3.567,-77.144,2.429
10500,1.102,.044,2.28,1.1214,.0199,1.04,-3.407,3.567,-81.85,2.429
10600,1.102,.043,2.28,1.1218,.0198,1.04,-3.407,3.567,-81.85,2.429
10700,1.106,.043,2.29,1.1224,.0197,1.04,-3.407,3.567,-81.85,2.429
10800,1.102,.043,2.29,1.1212,.0196,1.04,-3.407,3.567,-81.85,2.429
10900,1.101,.043,2.28,1.1196,.0194,1.03,-3.407,3.567,-81.85,2.429
11e3,1.102,.043,2.29,1.1205,.0194,1.04,-3.407,3.567,-81.85,2.429
11100,1.103,.043,2.29,1.1196,.0193,1.04,-3.407,3.567,-81.85,2.429
11200,1.104,.042,2.29,1.12,.0192,1.04,-3.407,3.567,-81.85,2.429
11300,1.104,.042,2.29,1.1207,.0191,1.04,-3.407,3.567,-81.85,2.429
11400,1.105,.042,2.29,1.1206,.019,1.04,-3.407,3.567,-81.85,2.429
11500,1.107,.042,2.29,1.121,.0189,1.04,-3.407,3.567,-81.85,2.429
11600,1.105,.042,2.29,1.1201,.0188,1.03,-3.407,3.567,-81.85,2.429
11700,1.106,.041,2.29,1.1189,.0187,1.03,-3.407,3.567,-88.137,2.429
11800,1.107,.041,2.29,1.1186,.0186,1.03,-3.407,3.567,-88.137,2.429
11900,1.108,.041,2.29,1.1189,.0185,1.03,-3.407,3.567,-88.137,2.429
12e3,1.11,.041,2.29,1.119,.0184,1.03,-3.407,3.567,-88.137,2.429
12100,1.114,.041,2.3,1.1189,.0183,1.03,-3.407,3.567,-88.137,2.429
12200,1.111,.041,2.29,1.1196,.0183,1.03,-3.407,3.567,-88.137,2.429
12300,1.111,.041,2.29,1.1206,.0182,1.03,-3.407,3.567,-88.137,2.429
12400,1.111,.04,2.29,1.1189,.0181,1.03,-3.407,3.567,-88.137,2.429
12500,1.112,.04,2.3,1.1187,.018,1.03,-3.407,3.567,-88.137,2.429
12600,1.113,.04,2.3,1.1186,.018,1.03,-3.407,3.567,-88.137,2.429
12700,1.114,.04,2.3,1.1174,.0179,1.03,-3.407,3.567,-88.137,2.429
12800,1.113,.04,2.3,1.1167,.0178,1.03,-3.407,3.567,-88.137,2.429
12900,1.114,.04,2.3,1.1158,.0177,1.03,-3.407,3.567,-88.137,2.429
13e3,1.112,.039,2.3,1.1147,.0176,1.02,-3.407,3.567,-88.137,2.429
13100,1.111,.039,2.3,1.1148,.0175,1.02,-3.407,3.567,-88.137,2.429
13200,1.115,.039,2.3,1.1143,.0174,1.02,-3.407,3.567,-88.137,2.429
13300,1.116,.039,2.3,1.1142,.0173,1.02,-3.407,3.567,-88.137,2.429
13400,1.117,.039,2.31,1.114,.0172,1.02,-3.407,3.567,-88.137,2.431
13500,1.116,.039,2.31,1.1141,.0172,1.02,-3.407,3.567,-88.137,2.431
13600,1.117,.039,2.31,1.1131,.0171,1.02,-3.407,3.567,-88.137,2.431
13700,1.116,.039,2.3,1.1131,.017,1.02,-3.407,3.567,-88.137,2.431
13800,1.114,.038,2.3,1.1132,.0169,1.02,-3.407,3.567,-88.137,2.431
13900,1.11,.038,2.3,1.1125,.0168,1.01,-3.407,3.567,-88.137,2.431
14e3,1.108,.038,2.3,1.1126,.0168,1.01,-3.407,3.567,-88.137,2.431
14100,1.108,.038,2.29,1.1121,.0167,1.01,-3.407,3.567,-88.137,2.431
14200,1.108,.038,2.3,1.1122,.0166,1.01,-3.407,3.567,-88.137,2.431
14300,1.107,.038,2.29,1.1127,.0166,1.01,-3.407,3.567,-88.137,2.431
14400,1.106,.037,2.29,1.1125,.0165,1.01,-3.407,3.567,-88.137,2.431
14500,1.103,.037,2.29,1.1116,.0164,1.01,-3.407,3.567,-88.137,2.431
14600,1.103,.037,2.29,1.1126,.0164,1.01,-3.407,3.567,-88.137,2.431
14700,1.102,.037,2.29,1.1125,.0163,1.01,-3.407,3.567,-88.137,2.431
14800,1.102,.037,2.29,1.1122,.0163,1.01,-3.407,3.567,-88.137,2.431
14900,1.101,.037,2.29,1.1107,.0162,1.01,-3.407,3.567,-88.137,2.431
15e3,1.102,.037,2.29,1.1113,.0161,1.01,-3.407,3.567,-88.137,2.431
15100,1.102,.036,2.29,1.111,.0161,1.01,-3.407,3.567,-88.137,2.431
15200,1.1,.036,2.29,1.1099,.016,1.01,-3.407,3.567,-88.137,2.431
15300,1.1,.036,2.29,1.1093,.0159,1.01,-3.407,3.567,-88.137,2.431
15400,1.103,.036,2.29,1.1093,.0159,1.01,-3.407,3.567,-88.137,2.431
15500,1.107,.036,2.3,1.1097,.0158,1,-3.407,3.567,-88.137,2.431
15600,1.107,.036,2.29,1.1091,.0157,1,-3.407,3.567,-88.137,2.431
15700,1.109,.036,2.3,1.1092,.0157,1,-3.407,3.567,-88.137,2.431
15800,1.109,.036,2.3,1.1085,.0156,1,-3.407,3.567,-88.137,2.431
15900,1.109,.036,2.3,1.1091,.0156,1,-3.407,3.567,-88.137,2.431
16e3,1.107,.036,2.29,1.1073,.0155,1,-3.407,3.567,-88.137,2.431
16100,1.105,.035,2.29,1.1079,.0154,1,-3.407,3.567,-88.137,2.431
16200,1.104,.035,2.29,1.1074,.0154,1,-3.407,3.567,-88.137,2.431
16300,1.103,.035,2.29,1.1081,.0153,1,-3.407,3.567,-88.137,2.431
16400,1.101,.035,2.29,1.1079,.0153,1,-3.407,3.567,-88.137,2.431
16500,1.099,.035,2.28,1.1078,.0152,1,-3.407,3.567,-88.137,2.431
16600,1.097,.035,2.28,1.1078,.0152,1,-3.407,3.567,-88.137,2.431
16700,1.096,.035,2.28,1.1082,.0151,1,-3.407,3.567,-88.137,2.431
16800,1.096,.034,2.28,1.1072,.015,.99,-3.407,3.567,-88.137,2.431
16900,1.097,.034,2.28,1.1065,.015,.99,-3.407,3.567,-88.137,2.431
17e3,1.095,.034,2.28,1.1072,.015,1,-3.407,3.567,-88.137,2.431
17100,1.095,.034,2.28,1.1078,.0149,1,-3.407,3.567,-88.137,2.431
17200,1.094,.034,2.28,1.1078,.0149,1,-3.407,3.567,-88.137,2.431
17300,1.093,.034,2.27,1.1075,.0148,.99,-3.407,3.567,-88.137,2.431
17400,1.094,.034,2.28,1.1064,.0148,.99,-3.407,3.567,-88.137,2.431
17500,1.093,.034,2.27,1.1066,.0147,.99,-3.407,3.567,-88.137,2.431
17600,1.092,.034,2.27,1.1063,.0147,.99,-3.407,3.567,-88.137,2.431
17700,1.095,.034,2.28,1.1059,.0146,.99,-3.407,3.567,-88.137,2.431
17800,1.094,.033,2.28,1.1055,.0146,.99,-3.407,3.567,-88.137,2.431
17900,1.093,.033,2.28,1.1052,.0145,.99,-3.407,3.567,-88.137,2.431
18e3,1.094,.033,2.28,1.1051,.0144,.99,-3.407,3.567,-88.137,2.431
18100,1.094,.033,2.28,1.1048,.0144,.99,-3.407,3.567,-88.137,2.431
18200,1.093,.033,2.28,1.1048,.0144,.99,-3.407,3.567,-88.137,2.431
18300,1.093,.033,2.28,1.1053,.0144,.99,-3.407,3.567,-88.137,2.431
18400,1.093,.033,2.28,1.1052,.0143,.99,-3.407,3.567,-88.137,2.431
18500,1.093,.033,2.28,1.1051,.0143,.99,-3.407,3.567,-88.137,2.431
18600,1.094,.033,2.28,1.1064,.0143,.99,-3.407,3.567,-88.137,2.431
18700,1.094,.033,2.28,1.1064,.0142,.99,-3.407,3.567,-88.137,2.431
18800,1.094,.033,2.28,1.1058,.0142,.99,-3.407,3.567,-88.137,2.431
18900,1.095,.033,2.28,1.1062,.0142,1,-3.407,3.567,-88.137,2.431
19e3,1.095,.032,2.28,1.1074,.0142,1,-3.407,3.567,-88.137,2.431
19100,1.095,.032,2.28,1.107,.0142,1,-3.407,3.567,-88.137,2.431
19200,1.095,.032,2.28,1.1072,.0141,1,-3.407,3.567,-88.137,2.431
19300,1.094,.032,2.28,1.1071,.0141,1,-3.407,3.567,-88.137,2.431
19400,1.097,.032,2.28,1.1076,.0141,1,-3.407,3.567,-88.137,2.431
19500,1.096,.032,2.28,1.1072,.0141,1,-3.407,3.567,-88.137,2.431
19600,1.095,.032,2.28,1.1064,.014,1,-3.407,3.567,-88.137,2.431
19700,1.094,.032,2.28,1.1068,.014,1,-3.407,3.567,-88.137,2.431
19800,1.095,.032,2.28,1.107,.0139,1,-3.407,3.567,-88.137,2.431
19900,1.094,.032,2.28,1.1063,.0139,1,-3.407,3.567,-88.137,2.431
2e4,1.094,.032,2.28,1.1073,.0139,1,-3.407,3.567,-88.137,2.431
20100,1.0929,.0316,2.28,1.1079,.0139,1,-3.407,3.567,-88.137,2.431
20200,1.0938,.0315,2.28,1.1074,.0138,1,-3.407,3.567,-88.137,2.431
20300,1.0939,.0314,2.28,1.1072,.0138,1,-3.407,3.567,-88.137,2.431
20400,1.0956,.0314,2.29,1.1068,.0137,1,-3.407,3.567,-88.137,2.431
20500,1.0943,.0313,2.28,1.1064,.0137,1,-3.407,3.567,-88.137,2.431
20600,1.0929,.0312,2.28,1.1072,.0137,1,-3.407,3.567,-88.137,2.431
20700,1.0932,.0311,2.28,1.1078,.0136,1,-3.407,3.567,-88.137,2.431
20800,1.0932,.031,2.28,1.1083,.0136,1,-3.407,3.567,-88.137,2.431
20900,1.0939,.031,2.29,1.1079,.0136,1,-3.407,3.567,-88.137,2.431
21e3,1.0959,.0309,2.29,1.1092,.0135,1,-3.407,3.567,-88.137,2.431
21100,1.0951,.0308,2.29,1.1094,.0135,1,-3.407,3.567,-88.137,2.431
21200,1.0926,.0307,2.28,1.1088,.0135,1,-3.407,3.567,-88.137,2.431
21300,1.0908,.0306,2.28,1.1084,.0135,1,-3.407,3.567,-88.137,2.431
21400,1.0914,.0306,2.28,1.1084,.0134,1,-3.407,3.567,-88.137,2.431
21500,1.0919,.0305,2.28,1.108,.0134,1,-3.407,3.567,-88.137,2.431
21600,1.0927,.0305,2.28,1.1076,.0133,1,-3.407,3.567,-88.137,2.431
21700,1.0935,.0304,2.29,1.1078,.0133,1,-3.407,3.567,-88.137,2.431
21800,1.0944,.0304,2.29,1.1081,.0133,1,-3.407,3.567,-88.137,2.431
21900,1.0941,.0303,2.29,1.1074,.0133,1,-3.407,3.567,-88.137,2.431
22e3,1.0921,.0302,2.29,1.1069,.0133,1,-3.407,3.567,-88.137,2.431
22100,1.0905,.0301,2.28,1.1068,.0132,1,-3.407,3.567,-88.137,2.431
22200,1.0903,.03,2.28,1.1074,.0133,1.01,-3.407,3.567,-88.137,2.431
22300,1.0918,.03,2.28,1.1081,.0133,1.01,-3.407,3.567,-88.137,2.431
22400,1.0904,.0299,2.28,1.1074,.0133,1.01,-3.407,3.567,-88.137,2.431
22500,1.0902,.0298,2.28,1.1076,.0132,1.01,-3.407,3.567,-88.137,2.431
22600,1.0904,.0298,2.28,1.1074,.0132,1.01,-3.407,3.567,-88.137,2.431
22700,1.0907,.0297,2.28,1.1076,.0132,1.01,-3.407,3.567,-88.137,2.431
22800,1.0903,.0296,2.28,1.1073,.0132,1.01,-3.407,3.567,-88.137,2.431
22900,1.0886,.0295,2.28,1.107,.0131,1.01,-3.407,3.567,-88.137,2.431
23e3,1.0881,.0295,2.28,1.1066,.0131,1.01,-3.407,3.567,-88.137,2.431
23100,1.0889,.0294,2.28,1.1062,.013,1.01,-3.407,3.567,-88.137,2.431
23200,1.0876,.0293,2.28,1.1055,.013,1.01,-3.407,3.567,-88.137,2.431
23300,1.0863,.0292,2.28,1.105,.013,1.01,-3.407,3.567,-88.137,2.431
23400,1.0865,.0292,2.28,1.1045,.0129,1.01,-3.407,3.567,-88.137,2.431
23500,1.0857,.0291,2.28,1.1041,.0129,1.01,-3.407,3.567,-88.137,2.431
23600,1.0847,.029,2.28,1.1036,.0128,1.01,-3.407,3.567,-88.137,2.431
23700,1.0839,.029,2.28,1.1032,.0128,1.01,-3.407,3.567,-88.137,2.431
23800,1.0856,.0289,2.28,1.1036,.0128,1.01,-3.407,3.567,-88.137,2.431
23900,1.0853,.0289,2.28,1.1039,.0128,1.01,-3.407,3.567,-88.137,2.431
24e3,1.0862,.0288,2.28,1.1045,.0127,1.01,-3.407,3.567,-88.137,2.431
24100,1.0866,.0288,2.28,1.1048,.0127,1.01,-3.407,3.567,-88.137,2.431
24200,1.0877,.0287,2.28,1.1051,.0127,1.01,-3.407,3.567,-88.137,2.431
24300,1.0877,.0286,2.28,1.1054,.0127,1.01,-3.407,3.567,-88.137,2.431
24400,1.0867,.0286,2.28,1.1056,.0127,1.01,-3.407,3.567,-88.137,2.431
24500,1.0869,.0285,2.28,1.1058,.0126,1.01,-3.407,3.567,-88.137,2.431
24600,1.0877,.0285,2.28,1.1067,.0126,1.01,-3.407,3.567,-88.137,2.431
24700,1.0884,.0284,2.28,1.1059,.0126,1.01,-3.407,3.567,-88.137,2.431
24800,1.0898,.0284,2.28,1.1056,.0125,1.01,-3.407,3.567,-88.137,2.431
24900,1.0906,.0283,2.28,1.1052,.0125,1.01,-3.407,3.567,-88.137,2.431
25e3,1.0904,.0283,2.28,1.1054,.0125,1.01,-3.407,3.567,-88.137,2.431
25100,1.0916,.0282,2.28,1.1059,.0125,1.01,-3.407,3.567,-88.137,2.431
25200,1.092,.0282,2.28,1.1067,.0125,1.01,-3.407,3.567,-88.137,2.431
25300,1.092,.0282,2.29,1.1071,.0124,1.01,-3.407,3.567,-88.137,2.431
25400,1.0913,.0281,2.28,1.1073,.0124,1.01,-3.407,3.567,-88.137,2.431
25500,1.0916,.028,2.28,1.1071,.0124,1.01,-3.407,3.567,-88.137,2.431
25600,1.0923,.028,2.29,1.1075,.0124,1.01,-3.407,3.567,-88.137,2.431
25700,1.0933,.028,2.29,1.1077,.0123,1.01,-3.407,3.567,-88.137,2.431
25800,1.0918,.0279,2.28,1.1077,.0123,1.01,-3.407,3.567,-88.137,2.431
25900,1.0922,.0278,2.29,1.1085,.0123,1.01,-3.407,3.567,-88.137,2.431
26e3,1.0924,.0278,2.28,1.1077,.0123,1.01,-3.407,3.567,-88.137,2.431
26100,1.0924,.0277,2.28,1.1072,.0122,1.01,-3.407,3.567,-88.137,2.431
26200,1.0906,.0276,2.28,1.1069,.0122,1.01,-3.407,3.567,-88.137,2.431
26300,1.0906,.0276,2.28,1.1068,.0122,1.01,-3.407,3.567,-88.137,2.431
26400,1.0899,.0275,2.28,1.1069,.0122,1.01,-3.407,3.567,-88.137,2.431
26500,1.0894,.0275,2.28,1.1069,.0121,1.01,-3.407,3.567,-88.137,2.431
26600,1.0895,.0274,2.28,1.107,.0121,1.01,-3.407,3.567,-88.137,2.431
26700,1.0899,.0274,2.28,1.1072,.0121,1.01,-3.407,3.567,-88.137,2.431
26800,1.0912,.0273,2.28,1.1073,.0121,1.01,-3.407,3.567,-88.137,2.431
26900,1.0912,.0273,2.28,1.1073,.012,1.01,-3.407,3.567,-88.137,2.431
27e3,1.0925,.0273,2.29,1.107,.012,1.01,-3.407,3.567,-88.137,2.431
27100,1.0936,.0272,2.29,1.1069,.012,1.01,-3.407,3.567,-88.137,2.431
27200,1.0925,.0271,2.28,1.1074,.012,1.01,-3.407,3.567,-88.137,2.431
27300,1.0934,.0271,2.28,1.1082,.012,1.01,-3.407,3.567,-88.137,2.431
27400,1.0931,.0271,2.28,1.1081,.012,1.01,-3.407,3.567,-88.137,2.431
27500,1.0926,.027,2.28,1.1079,.0119,1.01,-3.407,3.567,-88.137,2.431
27600,1.0913,.0269,2.28,1.1073,.0119,1.01,-3.407,3.567,-88.137,2.431
27700,1.0892,.0268,2.28,1.1069,.0119,1.01,-3.407,3.567,-88.137,2.431
27800,1.0893,.0268,2.28,1.1065,.0119,1.01,-3.407,3.567,-88.137,2.431
27900,1.0884,.0267,2.28,1.1069,.0118,1.01,-3.407,3.567,-88.137,2.431
28e3,1.0894,.0267,2.28,1.1069,.0118,1.01,-3.407,3.567,-88.137,2.431
28100,1.0901,.0267,2.28,1.1064,.0118,1.01,-3.407,3.567,-88.137,2.431
28200,1.089,.0266,2.28,1.1066,.0118,1.01,-3.407,3.567,-88.137,2.431
28300,1.0878,.0265,2.28,1.1064,.0117,1.01,-3.407,3.567,-88.137,2.431
28400,1.0877,.0265,2.28,1.1063,.0117,1.01,-3.407,3.567,-88.137,2.431
28500,1.0885,.0264,2.28,1.1059,.0117,1.01,-3.407,3.567,-88.137,2.431
28600,1.0883,.0264,2.28,1.1054,.0117,1.01,-3.407,3.567,-88.137,2.431
28700,1.0891,.0264,2.28,1.1055,.0116,1,-3.407,3.567,-88.137,2.431
28800,1.0899,.0263,2.28,1.1049,.0116,1,-3.407,3.567,-88.137,2.431
28900,1.089,.0263,2.28,1.1046,.0116,1,-3.407,3.567,-88.137,2.431
29e3,1.0889,.0262,2.28,1.1046,.0116,1.01,-3.407,3.567,-88.137,2.431
29100,1.089,.0262,2.28,1.1042,.0115,1,-3.407,3.567,-88.137,2.431
29200,1.0893,.0261,2.28,1.1042,.0115,1,-3.407,3.567,-88.137,2.431
29300,1.0898,.0261,2.28,1.1045,.0115,1,-3.407,3.567,-88.137,2.431
29400,1.0906,.0261,2.28,1.1044,.0115,1,-3.407,3.567,-88.137,2.431
29500,1.0911,.026,2.28,1.1046,.0114,1,-3.407,3.567,-88.137,2.431
29600,1.0909,.026,2.28,1.1041,.0114,1,-3.407,3.567,-88.137,2.431
29700,1.0912,.0259,2.28,1.1046,.0114,1,-3.407,3.567,-88.137,2.431
29800,1.0905,.0259,2.28,1.1043,.0114,1,-3.407,3.567,-88.137,2.431
29900,1.0912,.0259,2.28,1.1043,.0114,1,-3.407,3.567,-88.137,2.431
3e4,1.0919,.0258,2.28,1.1041,.0113,1,-3.407,3.567,-88.137,2.431
30100,1.0922,.0258,2.28,1.1045,.0113,1,-3.407,3.567,-88.137,2.431
30200,1.0918,.0257,2.28,1.1045,.0113,1,-3.407,3.567,-88.137,2.431
30300,1.0928,.0257,2.28,1.1047,.0113,1,-3.407,3.567,-88.137,2.431
30400,1.0925,.0257,2.28,1.105,.0113,1,-3.407,3.567,-88.137,2.431
30500,1.0934,.0256,2.28,1.1046,.0113,1,-3.407,3.567,-88.137,2.431
30600,1.0943,.0256,2.28,1.105,.0113,1.01,-3.407,3.567,-88.137,2.431
30700,1.0946,.0256,2.29,1.1048,.0113,1.01,-3.407,3.567,-88.137,2.431
30800,1.0935,.0255,2.28,1.1051,.0112,1.01,-3.407,3.567,-88.137,2.431
30900,1.0926,.0255,2.28,1.1048,.0112,1.01,-3.407,3.567,-88.137,2.431
31e3,1.0928,.0254,2.28,1.1047,.0112,1.01,-3.407,3.567,-88.137,2.431
31100,1.0938,.0254,2.29,1.1051,.0112,1.01,-3.407,3.567,-117.226,2.431
31200,1.093,.0254,2.28,1.1053,.0112,1.01,-3.407,3.567,-117.226,2.431
31300,1.0928,.0253,2.28,1.1053,.0111,1.01,-3.407,3.567,-117.226,2.431
31400,1.0928,.0253,2.29,1.1048,.0111,1.01,-3.407,3.567,-117.226,2.431
31500,1.0931,.0252,2.29,1.105,.0111,1,-3.407,3.567,-117.226,2.431
31600,1.0938,.0252,2.29,1.105,.0111,1.01,-3.407,3.567,-117.226,2.431
31700,1.0937,.0252,2.29,1.1051,.0111,1.01,-3.407,3.567,-117.226,2.431
31800,1.0941,.0251,2.29,1.1047,.011,1,-3.407,3.567,-117.226,2.431
31900,1.0938,.0251,2.29,1.1049,.011,1,-3.407,3.567,-117.226,2.431
32e3,1.0935,.025,2.29,1.1052,.011,1,-3.407,3.567,-117.226,2.431
32100,1.0943,.025,2.29,1.105,.011,1,-3.407,3.567,-117.226,2.431
32200,1.0943,.025,2.28,1.1047,.011,1,-3.407,3.567,-117.226,2.431
32300,1.0942,.0249,2.28,1.1047,.0109,1,-3.407,3.567,-117.226,2.431
32400,1.0933,.0249,2.28,1.1045,.0109,1,-3.407,3.567,-117.226,2.431
32500,1.0937,.0248,2.28,1.1039,.0109,1,-3.407,3.567,-117.226,2.431
32600,1.0939,.0248,2.28,1.1037,.0109,1,-3.407,3.567,-117.226,2.431
32700,1.0943,.0248,2.28,1.1033,.0108,1,-3.407,3.567,-117.226,2.431
32800,1.0941,.0247,2.28,1.1031,.0108,1,-3.407,3.567,-117.226,2.431
32900,1.0936,.0247,2.28,1.1027,.0108,1,-3.407,3.567,-117.226,2.431
33e3,1.0926,.0246,2.28,1.1024,.0108,1,-3.407,3.567,-117.226,2.431
33100,1.0918,.0246,2.28,1.1023,.0108,1,-3.407,3.567,-117.226,2.431
33200,1.0929,.0246,2.28,1.1022,.0108,1,-3.407,3.567,-117.226,2.431
33300,1.0919,.0245,2.28,1.1019,.0107,1,-3.407,3.567,-117.226,2.431
33400,1.0916,.0245,2.28,1.1015,.0107,1,-3.407,3.567,-117.226,2.431
33500,1.0913,.0244,2.28,1.1014,.0107,1,-3.407,3.567,-117.226,2.431
33600,1.0916,.0244,2.28,1.101,.0107,1,-3.407,3.567,-117.226,2.431
33700,1.0914,.0244,2.28,1.1011,.0106,1,-3.407,3.567,-117.226,2.431
33800,1.0916,.0243,2.28,1.1019,.0106,1,-3.407,3.567,-117.226,2.431
33900,1.0908,.0243,2.28,1.1026,.0106,1,-3.407,3.567,-117.226,2.431
34e3,1.0905,.0242,2.28,1.1027,.0106,1,-3.407,3.567,-117.226,2.431
34100,1.0902,.0242,2.28,1.1027,.0106,1,-3.407,3.567,-117.226,2.432
34200,1.0903,.0242,2.28,1.1029,.0106,1,-3.407,3.567,-117.226,2.432
34300,1.0902,.0241,2.28,1.1029,.0106,1,-3.407,3.567,-117.226,2.432
34400,1.0897,.0241,2.28,1.1027,.0106,1,-3.407,3.567,-117.226,2.432
34500,1.0905,.0241,2.28,1.1028,.0105,1,-3.407,3.567,-117.226,2.432
34600,1.0921,.024,2.28,1.1026,.0105,1,-3.407,3.567,-117.226,2.432
34700,1.0927,.024,2.28,1.1029,.0105,1,-3.407,3.567,-117.226,2.432
34800,1.0924,.024,2.28,1.1023,.0105,1,-3.407,3.567,-117.226,2.432
34900,1.0923,.0239,2.28,1.1018,.0105,1,-3.407,3.567,-117.226,2.432
35e3,1.0903,.0239,2.28,1.102,.0105,1,-3.407,3.567,-117.226,2.432
35100,1.0901,.0239,2.28,1.1022,.0105,1,-3.407,3.567,-117.226,2.432
35200,1.0905,.0238,2.28,1.1024,.0104,1,-3.407,3.567,-117.226,2.432
35300,1.0911,.0238,2.28,1.1028,.0104,1,-3.407,3.567,-117.226,2.432
35400,1.0918,.0238,2.28,1.1026,.0104,1,-3.407,3.567,-117.226,2.432
35500,1.0915,.0237,2.28,1.1025,.0104,1,-3.407,3.567,-117.226,2.432
35600,1.0915,.0237,2.28,1.102,.0104,1,-3.407,3.567,-117.226,2.432
35700,1.091,.0237,2.28,1.1023,.0104,1,-3.407,3.567,-117.226,2.432
35800,1.091,.0236,2.28,1.1021,.0104,1,-3.407,3.567,-117.226,2.432
35900,1.0905,.0236,2.28,1.1022,.0103,1,-3.407,3.567,-117.226,2.432
36e3,1.0912,.0235,2.28,1.1029,.0103,1,-3.407,3.567,-117.226,2.432
36100,1.0909,.0235,2.28,1.1028,.0103,1,-3.407,3.567,-117.226,2.432
36200,1.0908,.0235,2.28,1.1025,.0103,1,-3.407,3.567,-117.226,2.432
36300,1.0891,.0234,2.28,1.1026,.0103,1,-3.407,3.567,-117.226,2.432
36400,1.0886,.0234,2.28,1.1023,.0103,1,-3.407,3.567,-117.226,2.432
36500,1.0888,.0234,2.28,1.102,.0103,1,-3.407,3.567,-117.226,2.432
36600,1.0891,.0233,2.28,1.102,.0102,1,-3.407,3.567,-117.226,2.432
36700,1.0884,.0233,2.28,1.1018,.0102,1,-3.407,3.567,-117.226,2.432
36800,1.0887,.0233,2.28,1.1016,.0102,1,-3.407,3.567,-117.226,2.432
36900,1.088,.0232,2.28,1.1017,.0102,1,-3.407,3.567,-117.226,2.432
37e3,1.0887,.0232,2.28,1.1015,.0102,1,-3.407,3.567,-117.226,2.432
37100,1.0901,.0232,2.28,1.1013,.0101,1,-3.407,3.567,-117.226,2.432
37200,1.0892,.0232,2.28,1.1013,.0101,1,-3.407,3.567,-117.226,2.432
37300,1.0887,.0231,2.28,1.1011,.0101,1,-3.407,3.567,-117.226,2.432
37400,1.0878,.0231,2.28,1.1009,.0101,1,-3.407,3.567,-117.226,2.432
37500,1.0885,.0231,2.28,1.101,.0101,1,-3.407,3.567,-117.226,2.432
37600,1.0884,.023,2.28,1.1008,.0101,.99,-3.407,3.567,-117.226,2.432
37700,1.0883,.023,2.28,1.1011,.01,1,-3.407,3.567,-117.226,2.432
37800,1.0883,.023,2.28,1.1016,.01,1,-3.407,3.567,-117.226,2.432
37900,1.0889,.0229,2.28,1.1021,.01,1,-3.407,3.567,-117.226,2.432
38e3,1.0894,.0229,2.28,1.1018,.01,1,-3.407,3.567,-117.226,2.432
38100,1.0896,.0229,2.28,1.1018,.01,1,-3.407,3.567,-117.226,2.432
38200,1.0896,.0228,2.28,1.1022,.01,1,-3.407,3.567,-117.226,2.432
38300,1.0914,.0228,2.28,1.1028,.01,1,-3.407,3.567,-117.226,2.432
38400,1.0921,.0228,2.28,1.1033,.01,1,-3.407,3.567,-117.226,2.432
38500,1.0917,.0228,2.28,1.1034,.01,1,-3.407,3.567,-117.226,2.432
38600,1.0913,.0227,2.28,1.1033,.01,1,-3.407,3.567,-117.226,2.432
38700,1.092,.0227,2.28,1.103,.01,1,-3.407,3.567,-117.226,2.432
38800,1.092,.0227,2.28,1.1034,.01,1,-3.407,3.567,-117.226,2.432
38900,1.0911,.0227,2.28,1.1036,.0099,1,-3.407,3.567,-117.226,2.432
39e3,1.0912,.0226,2.28,1.103,.0099,1,-3.407,3.567,-117.226,2.432
39100,1.0919,.0226,2.28,1.1025,.0099,1,-3.407,3.567,-117.226,2.432
39200,1.0913,.0226,2.28,1.1026,.0099,1,-3.407,3.567,-117.226,2.432
39300,1.0914,.0225,2.28,1.1028,.0099,1,-3.407,3.567,-117.226,2.432
39400,1.0931,.0225,2.28,1.103,.0099,1,-3.407,3.567,-117.226,2.432
39500,1.0929,.0225,2.28,1.1028,.0099,1,-3.407,3.567,-117.226,2.432
39600,1.0935,.0225,2.28,1.103,.0098,1,-3.407,3.567,-117.226,2.432
39700,1.0953,.0225,2.29,1.1034,.0098,1,-3.407,3.567,-117.226,2.432
39800,1.0947,.0225,2.29,1.103,.0098,1,-3.407,3.567,-117.226,2.432
39900,1.0939,.0224,2.28,1.103,.0098,1,-3.407,3.567,-117.226,2.432
4e4,1.0937,.0224,2.28,1.1028,.0098,1,-3.407,3.567,-117.226,2.432
40100,1.0933,.0223,2.28,1.1026,.0098,1,-3.407,3.567,-117.226,2.432
40200,1.0939,.0223,2.28,1.1026,.0098,1,-3.407,3.567,-117.226,2.432
40300,1.0948,.0223,2.29,1.1027,.0097,1,-3.407,3.567,-117.226,2.432
40400,1.0945,.0223,2.28,1.1028,.0097,1,-3.407,3.567,-117.226,2.432
40500,1.0941,.0222,2.28,1.103,.0097,1,-3.407,3.567,-117.226,2.432
40600,1.0939,.0222,2.28,1.104,.0098,1.01,-3.407,3.86,-117.226,2.432
40700,1.0944,.0222,2.29,1.104,.0098,1.01,-3.407,3.86,-117.226,2.432
40800,1.0939,.0222,2.29,1.1038,.0098,1.01,-3.407,3.86,-117.226,2.432
40900,1.0939,.0221,2.29,1.1041,.0098,1.01,-3.407,3.86,-117.226,2.432
41e3,1.0941,.0221,2.29,1.1043,.0098,1.01,-3.407,3.86,-117.226,2.432
41100,1.0933,.0221,2.28,1.1045,.0098,1.01,-3.407,3.86,-117.226,2.432
41200,1.0931,.022,2.28,1.1046,.0098,1.01,-3.407,3.86,-117.226,2.432
41300,1.0932,.022,2.28,1.1047,.0098,1.01,-3.407,3.86,-117.226,2.432
41400,1.0937,.022,2.28,1.1046,.0098,1.01,-3.407,3.86,-117.226,2.432
41500,1.0932,.022,2.28,1.1049,.0098,1.01,-3.407,3.86,-117.226,2.432
41600,1.0932,.0219,2.28,1.1051,.0097,1.01,-3.407,3.86,-117.226,2.432
41700,1.0934,.0219,2.28,1.1052,.0097,1.01,-3.407,3.86,-117.226,2.432
41800,1.094,.0219,2.28,1.1055,.0097,1.01,-3.407,3.86,-117.226,2.432
41900,1.0933,.0219,2.28,1.1058,.0097,1.01,-3.407,3.86,-117.226,2.432
42e3,1.0931,.0218,2.28,1.1056,.0097,1.01,-3.407,3.86,-117.226,2.432
42100,1.0928,.0218,2.28,1.1054,.0097,1.01,-3.407,3.86,-117.226,2.432
42200,1.0935,.0218,2.28,1.1054,.0097,1.01,-3.407,3.86,-117.226,2.432
42300,1.093,.0217,2.28,1.1056,.0097,1.01,-3.407,3.86,-117.226,2.432
42400,1.0923,.0217,2.28,1.1055,.0096,1.01,-3.407,3.86,-117.226,2.432
42500,1.092,.0217,2.28,1.1056,.0096,1.01,-3.407,3.86,-117.226,2.432
42600,1.0929,.0217,2.28,1.1056,.0096,1.01,-3.407,3.86,-117.226,2.432
42700,1.0935,.0217,2.28,1.1055,.0096,1.01,-3.407,3.86,-117.226,2.432
42800,1.0933,.0216,2.28,1.106,.0096,1.01,-3.407,3.86,-117.226,2.432
42900,1.0928,.0216,2.28,1.1057,.0096,1.01,-3.407,3.86,-117.226,2.432
43e3,1.0925,.0216,2.28,1.1062,.0096,1.02,-3.407,3.86,-117.226,2.432
43100,1.0924,.0215,2.28,1.1063,.0096,1.02,-3.407,3.86,-117.226,2.432
43200,1.0914,.0215,2.28,1.1064,.0096,1.02,-3.407,3.86,-117.226,2.432
43300,1.091,.0215,2.28,1.1066,.0096,1.02,-3.407,3.86,-117.226,2.432
43400,1.0914,.0215,2.28,1.1062,.0096,1.02,-3.407,3.86,-117.226,2.432
43500,1.0918,.0214,2.28,1.1064,.0096,1.02,-3.407,3.86,-117.226,2.432
43600,1.0908,.0214,2.28,1.1059,.0095,1.02,-3.407,3.86,-117.226,2.432
43700,1.0908,.0214,2.28,1.106,.0095,1.02,-3.407,3.86,-117.226,2.432
43800,1.0916,.0214,2.28,1.106,.0095,1.02,-3.407,3.86,-117.226,2.432
43900,1.0925,.0214,2.28,1.106,.0095,1.02,-3.407,3.86,-117.226,2.432
44e3,1.0939,.0214,2.29,1.1057,.0095,1.02,-3.407,3.86,-117.226,2.432
44100,1.0941,.0213,2.29,1.1057,.0095,1.02,-3.407,3.86,-117.226,2.432
44200,1.0938,.0213,2.29,1.1055,.0095,1.02,-3.407,3.86,-117.226,2.432
44300,1.0934,.0213,2.29,1.1055,.0095,1.02,-3.407,3.86,-117.226,2.432
44400,1.0929,.0212,2.28,1.1053,.0095,1.02,-3.407,3.86,-117.226,2.432
44500,1.0924,.0212,2.28,1.1053,.0094,1.02,-3.407,3.86,-117.226,2.432
44600,1.0921,.0212,2.28,1.1052,.0094,1.02,-3.407,3.86,-117.226,2.432
44700,1.0926,.0212,2.28,1.1046,.0094,1.02,-3.407,3.86,-117.226,2.432
44800,1.093,.0212,2.28,1.1049,.0094,1.02,-3.407,3.86,-117.226,2.432
44900,1.0938,.0211,2.28,1.1048,.0094,1.02,-3.407,3.86,-117.226,2.432
45e3,1.0929,.0211,2.28,1.1047,.0094,1.02,-3.407,3.86,-117.226,2.432
45100,1.093,.0211,2.28,1.1049,.0094,1.02,-3.407,3.86,-117.226,2.432
45200,1.0935,.0211,2.28,1.1048,.0094,1.02,-3.407,3.86,-117.226,2.432
45300,1.0935,.021,2.28,1.1048,.0094,1.02,-3.407,3.86,-117.226,2.432
45400,1.0925,.021,2.28,1.1045,.0093,1.02,-3.407,3.86,-117.226,2.432
45500,1.0928,.021,2.28,1.1047,.0093,1.02,-3.407,3.86,-117.226,2.432
45600,1.0926,.021,2.28,1.1049,.0093,1.02,-3.407,3.86,-117.226,2.432
45700,1.0927,.0209,2.28,1.1047,.0093,1.02,-3.407,3.86,-117.226,2.432
45800,1.0934,.0209,2.28,1.1048,.0093,1.02,-3.407,3.86,-117.226,2.432
45900,1.0927,.0209,2.28,1.1047,.0093,1.02,-3.407,3.86,-117.226,2.432
46e3,1.0922,.0209,2.28,1.1047,.0093,1.02,-3.407,3.86,-117.226,2.432
46100,1.0922,.0208,2.28,1.1044,.0093,1.02,-3.407,3.86,-117.226,2.432
46200,1.0924,.0208,2.28,1.1043,.0093,1.01,-3.407,3.86,-117.226,2.432
46300,1.0914,.0208,2.28,1.1042,.0092,1.01,-3.407,3.86,-117.226,2.432
46400,1.0918,.0208,2.28,1.1043,.0092,1.02,-3.407,3.86,-117.226,2.432
46500,1.0913,.0207,2.28,1.104,.0092,1.02,-3.407,3.86,-117.226,2.432
46600,1.0923,.0207,2.28,1.1043,.0092,1.02,-3.407,3.86,-117.226,2.432
46700,1.092,.0207,2.28,1.1044,.0092,1.01,-3.407,3.86,-117.226,2.432
46800,1.0914,.0207,2.28,1.1042,.0092,1.01,-3.407,3.86,-117.226,2.432
46900,1.0908,.0206,2.28,1.1041,.0092,1.01,-3.407,3.86,-117.226,2.432
47e3,1.0904,.0206,2.28,1.1038,.0092,1.01,-3.407,3.86,-117.226,2.432
47100,1.0911,.0206,2.28,1.104,.0092,1.01,-3.407,3.86,-117.226,2.432
47200,1.0918,.0206,2.28,1.104,.0091,1.01,-3.407,3.86,-117.226,2.432
47300,1.0922,.0206,2.28,1.1036,.0091,1.01,-3.407,3.86,-117.226,2.432
47400,1.0922,.0205,2.28,1.1035,.0091,1.01,-3.407,3.86,-117.226,2.432
47500,1.0925,.0205,2.28,1.1036,.0091,1.01,-3.407,3.86,-117.226,2.432
47600,1.0921,.0205,2.28,1.1038,.0091,1.01,-3.407,3.86,-117.226,2.432
47700,1.0916,.0205,2.28,1.1039,.0091,1.01,-3.407,3.86,-117.226,2.432
47800,1.0908,.0204,2.28,1.1038,.0091,1.01,-3.407,3.86,-117.226,2.432
47900,1.0915,.0204,2.28,1.1036,.0091,1.01,-3.407,3.86,-117.226,2.432
48e3,1.0923,.0204,2.28,1.1033,.0091,1.01,-3.407,3.86,-117.226,2.432
48100,1.0928,.0204,2.28,1.1031,.009,1.01,-3.407,3.86,-117.226,2.432
48200,1.0924,.0204,2.28,1.1032,.009,1.01,-3.407,3.86,-117.226,2.432
48300,1.0922,.0204,2.28,1.1031,.009,1.01,-3.407,3.86,-117.226,2.432
48400,1.0926,.0203,2.28,1.103,.009,1.01,-3.407,3.86,-117.226,2.432
48500,1.0913,.0203,2.28,1.1027,.009,1.01,-3.407,3.86,-117.226,2.432
48600,1.0909,.0203,2.28,1.1027,.009,1.01,-3.407,3.86,-117.226,2.432
48700,1.092,.0203,2.28,1.1026,.009,1.01,-3.407,3.86,-117.226,2.432
48800,1.0922,.0202,2.28,1.1027,.009,1.01,-3.407,3.86,-117.226,2.432
48900,1.0927,.0202,2.28,1.1027,.009,1.01,-3.407,3.86,-117.226,2.432
49e3,1.0935,.0202,2.28,1.1028,.009,1.01,-3.407,3.86,-117.226,2.432
49100,1.0938,.0202,2.28,1.1028,.0089,1.01,-3.407,3.86,-117.226,2.432
49200,1.0939,.0202,2.28,1.1031,.0089,1.01,-3.407,3.86,-117.226,2.432
49300,1.0938,.0202,2.28,1.1032,.0089,1.01,-3.407,3.86,-117.226,2.432
49400,1.0934,.0201,2.28,1.103,.0089,1.01,-3.407,3.86,-117.226,2.432
49500,1.0928,.0201,2.28,1.1032,.0089,1.01,-3.407,3.86,-117.226,2.432
49600,1.0932,.0201,2.28,1.1031,.0089,1.01,-3.407,3.86,-117.226,2.432
49700,1.0926,.0201,2.28,1.103,.0089,1.01,-3.407,3.86,-117.226,2.432
49800,1.0925,.0201,2.28,1.1031,.0089,1.01,-3.407,3.86,-117.226,2.432
49900,1.0935,.02,2.28,1.1029,.0089,1.01,-3.407,3.86,-117.226,2.432
5e4,1.0929,.02,2.28,1.1034,.0089,1.01,-3.407,3.86,-117.226,2.432
50100,1.0931,.02,2.28,1.1034,.0089,1.01,-3.407,3.86,-117.226,2.432
50200,1.093,.02,2.28,1.1033,.0089,1.01,-3.407,3.86,-117.226,2.432
50300,1.0932,.02,2.28,1.1035,.0088,1.01,-3.407,3.86,-117.226,2.432
50400,1.0925,.0199,2.28,1.1036,.0088,1.01,-3.407,3.86,-117.226,2.432
50500,1.0928,.0199,2.28,1.1035,.0088,1.01,-3.407,3.86,-117.226,2.432
50600,1.093,.0199,2.28,1.1034,.0088,1.01,-3.407,3.86,-117.226,2.432
50700,1.0922,.0199,2.28,1.1035,.0088,1.01,-3.407,3.86,-117.226,2.432
50800,1.0922,.0199,2.28,1.1035,.0088,1.01,-3.407,3.86,-117.226,2.432
50900,1.0915,.0198,2.28,1.1032,.0088,1.01,-3.407,3.86,-117.226,2.432
51e3,1.0918,.0198,2.28,1.1031,.0088,1.01,-3.407,3.86,-117.226,2.432
51100,1.0929,.0198,2.28,1.1031,.0088,1.01,-3.407,3.86,-117.226,2.432
51200,1.0931,.0198,2.28,1.1029,.0088,1.01,-3.407,3.86,-117.226,2.432
51300,1.0928,.0198,2.28,1.1028,.0087,1.01,-3.407,3.86,-117.226,2.432
51400,1.0934,.0198,2.29,1.1025,.0087,1.01,-3.407,3.86,-117.226,2.432
51500,1.0939,.0197,2.29,1.1024,.0087,1.01,-3.407,3.86,-117.226,2.432
51600,1.0943,.0197,2.29,1.1024,.0087,1.01,-3.407,3.86,-117.226,2.432
51700,1.0938,.0197,2.29,1.1023,.0087,1.01,-3.407,3.86,-117.226,2.432
51800,1.0942,.0197,2.29,1.1026,.0087,1.01,-3.407,3.86,-117.226,2.432
51900,1.094,.0197,2.29,1.103,.0087,1.01,-3.407,3.86,-117.226,2.432
52e3,1.0934,.0196,2.29,1.1034,.0087,1.01,-3.407,3.86,-117.226,2.432
52100,1.0928,.0196,2.29,1.1034,.0087,1.01,-3.407,3.86,-117.226,2.432
52200,1.0936,.0196,2.29,1.1032,.0087,1.01,-3.407,3.86,-117.226,2.432
52300,1.0926,.0196,2.29,1.1032,.0087,1.01,-3.407,3.86,-117.226,2.432
52400,1.0936,.0196,2.29,1.103,.0087,1.01,-3.407,3.86,-117.226,2.432
52500,1.0934,.0196,2.29,1.1027,.0086,1.01,-3.407,3.86,-117.226,2.432
52600,1.093,.0195,2.29,1.1027,.0086,1.01,-3.407,3.86,-117.226,2.432
52700,1.0934,.0195,2.29,1.1026,.0086,1.01,-3.407,3.86,-117.226,2.432
52800,1.0933,.0195,2.29,1.1024,.0086,1.01,-3.407,3.86,-117.226,2.432
52900,1.0932,.0195,2.29,1.1024,.0086,1.01,-3.407,3.86,-117.226,2.432
53e3,1.0932,.0195,2.29,1.1022,.0086,1.01,-3.407,3.86,-117.226,2.432
53100,1.0932,.0194,2.29,1.1019,.0086,1.01,-3.407,3.86,-117.226,2.432
53200,1.0928,.0194,2.29,1.1019,.0086,1.01,-3.407,3.86,-117.226,2.432
53300,1.0935,.0194,2.29,1.1022,.0086,1.01,-3.407,3.86,-117.226,2.432
53400,1.0932,.0194,2.29,1.102,.0086,1.01,-3.407,3.86,-117.226,2.432
53500,1.0934,.0194,2.29,1.102,.0086,1.01,-3.407,3.86,-117.226,2.432
53600,1.0924,.0193,2.29,1.1017,.0085,1.01,-3.407,3.86,-117.226,2.432
53700,1.0923,.0193,2.29,1.1016,.0085,1.01,-3.407,3.86,-117.226,2.432
53800,1.092,.0193,2.28,1.1015,.0085,1.01,-3.407,3.86,-117.226,2.432
53900,1.0917,.0193,2.28,1.1015,.0085,1.01,-3.407,3.86,-117.226,2.432
54e3,1.0915,.0193,2.28,1.1016,.0085,1.01,-3.407,3.86,-117.226,2.432
54100,1.0912,.0192,2.28,1.1014,.0085,1.01,-3.407,3.86,-117.226,2.432
54200,1.091,.0192,2.28,1.1012,.0085,1.01,-3.407,3.86,-117.226,2.432
54300,1.091,.0192,2.28,1.1012,.0085,1.01,-3.407,3.86,-117.226,2.432
54400,1.0911,.0192,2.28,1.1011,.0085,1.01,-3.407,3.86,-117.226,2.432
54500,1.0913,.0192,2.28,1.1014,.0085,1.01,-3.407,3.86,-117.226,2.432
54600,1.0916,.0192,2.28,1.1017,.0084,1.01,-3.407,3.86,-117.226,2.432
54700,1.0912,.0191,2.28,1.1018,.0084,1.01,-3.407,3.86,-117.226,2.432
54800,1.0908,.0191,2.28,1.1019,.0084,1.01,-3.407,3.86,-117.226,2.432
54900,1.091,.0191,2.28,1.1025,.0085,1.01,-3.407,3.86,-117.226,2.432
55e3,1.0909,.0191,2.28,1.1027,.0085,1.01,-3.407,3.86,-117.226,2.432
55100,1.0905,.0191,2.28,1.1027,.0084,1.01,-3.407,3.86,-117.226,2.432
55200,1.0901,.0191,2.28,1.1029,.0084,1.01,-3.407,3.86,-117.226,2.432
55300,1.0895,.019,2.28,1.1026,.0084,1.01,-3.407,3.86,-117.226,2.432
55400,1.0894,.019,2.28,1.1026,.0084,1.01,-3.407,3.86,-117.226,2.432
55500,1.0899,.019,2.28,1.1026,.0084,1.01,-3.407,3.86,-117.226,2.432
55600,1.0903,.019,2.28,1.1027,.0084,1.01,-3.407,3.86,-117.226,2.432
55700,1.0898,.019,2.28,1.1025,.0084,1.01,-3.407,3.86,-117.226,2.432
55800,1.0891,.0189,2.28,1.1025,.0084,1.01,-3.407,3.86,-117.226,2.432
55900,1.0891,.0189,2.28,1.1022,.0084,1.01,-3.407,3.86,-117.226,2.432
56e3,1.0888,.0189,2.28,1.102,.0084,1.01,-3.407,3.86,-117.226,2.432
56100,1.0886,.0189,2.28,1.1018,.0084,1.01,-3.407,3.86,-117.226,2.432
56200,1.0893,.0189,2.28,1.102,.0084,1.01,-3.407,3.86,-117.226,2.432
56300,1.0904,.0189,2.28,1.102,.0084,1.01,-3.407,3.86,-117.226,2.432
56400,1.0899,.0188,2.28,1.1019,.0083,1.01,-3.407,3.86,-117.226,2.432
56500,1.0902,.0188,2.28,1.1016,.0083,1.01,-3.407,3.86,-117.226,2.432
56600,1.0903,.0188,2.28,1.1015,.0083,1.01,-3.407,3.86,-117.226,2.432
56700,1.0899,.0188,2.28,1.1014,.0083,1.01,-3.407,3.86,-117.226,2.432
56800,1.0903,.0188,2.28,1.1012,.0083,1.01,-3.407,3.86,-117.226,2.432
56900,1.0908,.0188,2.28,1.1015,.0083,1.01,-3.407,3.86,-117.226,2.432
57e3,1.0906,.0188,2.28,1.1015,.0083,1.01,-3.407,3.86,-117.226,2.432
57100,1.0908,.0187,2.28,1.1013,.0083,1.01,-3.407,3.86,-117.226,2.432
57200,1.0912,.0187,2.28,1.1012,.0083,1.01,-3.407,3.86,-117.226,2.432
57300,1.0911,.0187,2.28,1.1011,.0083,1.01,-3.407,3.86,-117.226,2.432
57400,1.091,.0187,2.28,1.1009,.0082,1.01,-3.407,3.86,-117.226,2.432
57500,1.0905,.0187,2.28,1.1011,.0083,1.01,-3.407,3.86,-117.226,2.432
57600,1.0906,.0187,2.28,1.1012,.0083,1.01,-3.407,3.86,-117.226,2.432
57700,1.09,.0186,2.28,1.1013,.0082,1.01,-3.407,3.86,-117.226,2.432
57800,1.0901,.0186,2.28,1.1012,.0082,1.01,-3.407,3.86,-117.226,2.432
57900,1.0895,.0186,2.28,1.1011,.0082,1.01,-3.407,3.86,-117.226,2.432
58e3,1.0894,.0186,2.28,1.1009,.0082,1.01,-3.407,3.86,-117.226,2.432
58100,1.0895,.0186,2.28,1.1007,.0082,1.01,-3.407,3.86,-117.226,2.432
58200,1.0894,.0185,2.28,1.1009,.0082,1.01,-3.407,3.86,-117.226,2.432
58300,1.0902,.0185,2.28,1.1008,.0082,1.01,-3.407,3.86,-117.226,2.432
58400,1.0905,.0185,2.28,1.1011,.0082,1.01,-3.407,3.86,-117.226,2.432
58500,1.0915,.0185,2.29,1.101,.0082,1.01,-3.407,3.86,-117.226,2.432
58600,1.0915,.0185,2.29,1.1013,.0082,1.01,-3.407,3.86,-117.226,2.432
58700,1.0921,.0185,2.29,1.1011,.0082,1.01,-3.407,3.86,-117.226,2.432
58800,1.0927,.0185,2.29,1.1013,.0082,1.01,-3.407,3.86,-117.226,2.432
58900,1.0926,.0185,2.29,1.1012,.0081,1.01,-3.407,3.86,-117.226,2.432
59e3,1.0928,.0185,2.29,1.1012,.0081,1.01,-3.407,3.86,-117.226,2.432
59100,1.0924,.0184,2.29,1.1016,.0081,1.01,-3.407,3.86,-117.226,2.432
59200,1.0924,.0184,2.29,1.1017,.0081,1.01,-3.407,3.86,-117.226,2.432
59300,1.0918,.0184,2.29,1.1017,.0081,1.01,-3.407,3.86,-117.226,2.432
59400,1.0917,.0184,2.29,1.1015,.0081,1.01,-3.407,3.86,-117.226,2.432
59500,1.0919,.0184,2.29,1.1015,.0081,1.01,-3.407,3.86,-117.226,2.432
59600,1.0923,.0184,2.29,1.1014,.0081,1.01,-3.407,3.86,-117.226,2.432
59700,1.0921,.0183,2.29,1.1016,.0081,1.01,-3.407,3.86,-117.226,2.432
59800,1.092,.0183,2.29,1.102,.0081,1.01,-3.407,3.86,-117.226,2.432
59900,1.0918,.0183,2.29,1.1022,.0081,1.01,-3.407,3.86,-117.226,2.432
6e4,1.092,.0183,2.29,1.1024,.0081,1.01,-3.407,3.86,-117.226,2.432
60100,1.092,.0183,2.29,1.1023,.0081,1.01,-3.407,3.86,-117.226,2.432
60200,1.0923,.0183,2.29,1.1024,.0081,1.01,-3.407,3.86,-117.226,2.432
60300,1.0916,.0182,2.29,1.1024,.0081,1.01,-3.407,3.86,-117.226,2.432
60400,1.0919,.0182,2.29,1.1023,.0081,1.01,-3.407,3.86,-117.226,2.432
60500,1.0925,.0182,2.29,1.1024,.0081,1.01,-3.407,3.86,-117.226,2.432
60600,1.0929,.0182,2.29,1.1028,.008,1.01,-3.407,3.86,-117.226,2.432
60700,1.0927,.0182,2.29,1.1027,.008,1.01,-3.407,3.86,-117.226,2.432
60800,1.0925,.0182,2.29,1.1027,.008,1.01,-3.407,3.86,-117.226,2.432
60900,1.0926,.0182,2.29,1.1025,.008,1.01,-3.407,3.86,-117.226,2.432
61e3,1.0927,.0181,2.29,1.1023,.008,1.01,-3.407,3.86,-117.226,2.432
61100,1.0923,.0181,2.29,1.1023,.008,1.01,-3.407,3.86,-117.226,2.432
61200,1.0921,.0181,2.29,1.1021,.008,1.01,-3.407,3.86,-117.226,2.432
61300,1.0923,.0181,2.29,1.102,.008,1.01,-3.407,3.86,-117.226,2.432
61400,1.0918,.0181,2.29,1.102,.008,1.01,-3.407,3.86,-117.226,2.432
61500,1.092,.0181,2.29,1.102,.008,1.01,-3.407,3.86,-117.226,2.432
61600,1.0916,.018,2.28,1.1018,.008,1.01,-3.407,3.86,-117.226,2.432
61700,1.0914,.018,2.28,1.1016,.008,1.01,-3.407,3.86,-117.226,2.432
61800,1.0915,.018,2.29,1.1014,.008,1.01,-3.407,3.86,-117.226,2.432
61900,1.092,.018,2.29,1.1013,.0079,1.01,-3.407,3.86,-117.226,2.432
62e3,1.0916,.018,2.29,1.1015,.0079,1.01,-3.407,3.86,-117.226,2.432
62100,1.0914,.018,2.28,1.1016,.0079,1.01,-3.407,3.86,-117.226,2.432
62200,1.0917,.018,2.29,1.1015,.0079,1.01,-3.407,3.86,-117.226,2.432
62300,1.0918,.0179,2.29,1.1017,.0079,1.01,-3.407,3.86,-117.226,2.432
62400,1.0916,.0179,2.29,1.1017,.0079,1.01,-3.407,3.86,-117.226,2.432
62500,1.0915,.0179,2.28,1.1016,.0079,1.01,-3.407,3.86,-117.226,2.432
62600,1.0919,.0179,2.28,1.1016,.0079,1.01,-3.407,3.86,-117.226,2.432
62700,1.0922,.0179,2.29,1.1014,.0079,1.01,-3.407,3.86,-117.226,2.432
62800,1.0926,.0179,2.29,1.1013,.0079,1.01,-3.407,3.86,-117.226,2.432
62900,1.0926,.0179,2.29,1.1014,.0079,1.01,-3.407,3.86,-117.226,2.432
63e3,1.0926,.0178,2.29,1.1017,.0079,1.01,-3.407,3.86,-117.226,2.432
63100,1.0925,.0178,2.29,1.1017,.0079,1.01,-3.407,3.86,-117.226,2.432
63200,1.0931,.0178,2.29,1.1015,.0079,1.01,-3.407,3.86,-117.226,2.432
63300,1.0929,.0178,2.29,1.1012,.0079,1.01,-3.407,3.86,-117.226,2.432
63400,1.0931,.0178,2.29,1.1008,.0078,1.01,-3.407,3.86,-117.226,2.432
63500,1.0929,.0178,2.29,1.1007,.0078,1.01,-3.407,3.86,-117.226,2.432
63600,1.0924,.0178,2.28,1.1007,.0078,1.01,-3.407,3.86,-117.226,2.432
63700,1.0927,.0177,2.29,1.1011,.0078,1.01,-3.407,3.86,-117.226,2.432
63800,1.0931,.0177,2.29,1.1011,.0078,1.01,-3.407,3.86,-117.226,2.432
63900,1.0928,.0177,2.29,1.101,.0078,1.01,-3.407,3.86,-117.226,2.432
64e3,1.0927,.0177,2.29,1.101,.0078,1.01,-3.407,3.86,-117.226,2.432
64100,1.0929,.0177,2.29,1.101,.0078,1.01,-3.407,3.86,-117.226,2.432
64200,1.0934,.0177,2.29,1.1009,.0078,1.01,-3.407,3.86,-117.226,2.432
64300,1.0932,.0177,2.29,1.101,.0078,1.01,-3.407,3.86,-117.226,2.432
64400,1.0928,.0176,2.29,1.1008,.0078,1.01,-3.407,3.86,-117.226,2.432
64500,1.0922,.0176,2.28,1.1008,.0078,1.01,-3.407,3.86,-117.226,2.432
64600,1.0926,.0176,2.28,1.1008,.0078,1.01,-3.407,3.86,-117.226,2.432
64700,1.0926,.0176,2.28,1.1008,.0078,1.01,-3.407,3.86,-117.226,2.432
64800,1.0929,.0176,2.28,1.1008,.0078,1.01,-3.407,3.86,-117.226,2.432
64900,1.0929,.0176,2.28,1.1008,.0077,1.01,-3.407,3.86,-117.226,2.432
65e3,1.0925,.0176,2.28,1.101,.0077,1.01,-3.407,3.86,-117.226,2.432
65100,1.0926,.0175,2.28,1.101,.0077,1.01,-3.407,3.86,-117.226,2.432
65200,1.0926,.0175,2.28,1.1009,.0077,1.01,-3.407,3.86,-117.226,2.432
65300,1.0924,.0175,2.28,1.1009,.0077,1.01,-3.407,3.86,-117.226,2.432
65400,1.0921,.0175,2.28,1.1008,.0077,1.01,-3.407,3.86,-117.226,2.432
65500,1.0919,.0175,2.28,1.1006,.0077,1.01,-3.407,3.86,-117.226,2.432
65600,1.0913,.0175,2.28,1.1005,.0077,1.01,-3.407,3.86,-117.226,2.432
65700,1.0914,.0175,2.28,1.1004,.0077,1.01,-3.407,3.86,-117.226,2.432
65800,1.0912,.0174,2.28,1.1005,.0077,1.01,-3.407,3.86,-117.226,2.432
65900,1.0915,.0174,2.28,1.1002,.0077,1,-3.407,3.86,-117.226,2.432
66e3,1.0912,.0174,2.28,1.1004,.0077,1,-3.407,3.86,-117.226,2.432
66100,1.0911,.0174,2.28,1.1004,.0077,1,-3.407,3.86,-117.226,2.432
66200,1.0906,.0174,2.28,1.1004,.0077,1,-3.407,3.86,-117.226,2.432
66300,1.0902,.0174,2.28,1.1003,.0076,1,-3.407,3.86,-117.226,2.432
66400,1.0908,.0174,2.28,1.1002,.0076,1,-3.407,3.86,-117.226,2.432
66500,1.0909,.0173,2.28,1.1002,.0076,1,-3.407,3.86,-117.226,2.432
66600,1.0909,.0173,2.28,1.1003,.0076,1,-3.407,3.86,-117.226,2.432
66700,1.091,.0173,2.28,1.1004,.0076,1,-3.407,3.86,-117.226,2.432
66800,1.0908,.0173,2.28,1.1007,.0076,1.01,-3.407,3.86,-117.226,2.432
66900,1.0912,.0173,2.28,1.1007,.0076,1.01,-3.407,3.86,-117.226,2.432
67e3,1.0912,.0173,2.28,1.1006,.0076,1,-3.407,3.86,-117.226,2.432
67100,1.0911,.0173,2.28,1.1008,.0076,1.01,-3.407,3.86,-117.226,2.432
67200,1.091,.0173,2.28,1.1008,.0076,1.01,-3.407,3.86,-117.226,2.432
67300,1.0911,.0172,2.28,1.1009,.0076,1.01,-3.407,3.86,-117.226,2.432
67400,1.0908,.0172,2.28,1.1009,.0076,1,-3.407,3.86,-117.226,2.432
67500,1.0909,.0172,2.28,1.1008,.0076,1,-3.407,3.86,-117.226,2.432
67600,1.0914,.0172,2.28,1.1007,.0076,1,-3.407,3.86,-117.226,2.432
67700,1.0912,.0172,2.28,1.1008,.0076,1,-3.407,3.86,-117.226,2.432
67800,1.0911,.0172,2.28,1.1008,.0076,1,-3.407,3.86,-117.226,2.432
67900,1.0914,.0172,2.28,1.1006,.0076,1,-3.407,3.86,-117.226,2.432
68e3,1.0913,.0172,2.28,1.1006,.0076,1,-3.407,3.86,-117.226,2.432
68100,1.0913,.0171,2.28,1.1004,.0075,1,-3.407,3.86,-117.226,2.432
68200,1.0909,.0171,2.28,1.1006,.0075,1,-3.407,3.86,-117.226,2.432
68300,1.0909,.0171,2.28,1.1006,.0075,1,-3.407,3.86,-117.226,2.432
68400,1.0909,.0171,2.28,1.1007,.0075,1,-3.407,3.86,-117.226,2.432
68500,1.0907,.0171,2.28,1.1008,.0075,1,-3.407,3.86,-117.226,2.432
68600,1.0905,.0171,2.28,1.1012,.0075,1.01,-3.407,3.86,-117.226,2.432
68700,1.0904,.0171,2.28,1.101,.0075,1.01,-3.407,3.86,-117.226,2.432
68800,1.091,.0171,2.28,1.1011,.0075,1,-3.407,3.86,-117.226,2.432
68900,1.0909,.017,2.28,1.1011,.0075,1.01,-3.407,3.86,-117.226,2.432
69e3,1.0908,.017,2.28,1.1009,.0075,1,-3.407,3.86,-117.226,2.432
69100,1.0912,.017,2.28,1.1006,.0075,1,-3.407,3.86,-117.226,2.432
69200,1.091,.017,2.28,1.1006,.0075,1,-3.407,3.86,-117.226,2.432
69300,1.0919,.017,2.28,1.1006,.0075,1,-3.407,3.86,-117.226,2.432
69400,1.0921,.017,2.28,1.1005,.0075,1,-3.407,3.86,-117.226,2.432
69500,1.092,.017,2.28,1.1004,.0075,1,-3.407,3.86,-117.226,2.432
69600,1.0919,.017,2.28,1.1003,.0075,1,-3.407,3.86,-117.226,2.432
69700,1.0916,.0169,2.28,1.1002,.0074,1,-3.407,3.86,-117.226,2.432
69800,1.0911,.0169,2.28,1.1,.0074,1,-3.407,3.86,-117.226,2.432
69900,1.0916,.0169,2.28,1.1003,.0074,1,-3.407,3.86,-117.226,2.432
7e4,1.092,.0169,2.28,1.1002,.0074,1,-3.407,3.86,-117.226,2.432
70100,1.092,.0169,2.28,1.1001,.0074,1,-3.407,3.86,-117.226,2.432
70200,1.0918,.0169,2.28,1.1,.0074,1,-3.407,3.86,-117.226,2.432
70300,1.092,.0169,2.28,1.0999,.0074,1,-3.407,3.86,-117.226,2.432
70400,1.0917,.0169,2.28,1.0998,.0074,1,-3.407,3.86,-117.226,2.432
70500,1.0916,.0168,2.28,1.0996,.0074,1,-3.407,3.86,-117.226,2.432
70600,1.0914,.0168,2.28,1.0998,.0074,1,-3.407,3.86,-117.226,2.432
70700,1.0916,.0168,2.28,1.1,.0074,1,-3.407,3.86,-117.226,2.432
70800,1.0919,.0168,2.28,1.1002,.0074,1,-3.407,3.86,-117.226,2.432
70900,1.0919,.0168,2.28,1.1002,.0074,1,-3.407,3.86,-117.226,2.432
71e3,1.092,.0168,2.28,1.1005,.0074,1,-3.407,3.86,-117.226,2.432
71100,1.092,.0168,2.28,1.1003,.0074,1,-3.407,3.86,-117.226,2.432
71200,1.0924,.0168,2.28,1.1003,.0074,1,-3.407,3.86,-117.226,2.432
71300,1.0923,.0168,2.28,1.1001,.0074,1,-3.407,3.86,-117.226,2.432
71400,1.0929,.0168,2.28,1.1,.0074,1,-3.407,3.86,-117.226,2.432
71500,1.0929,.0167,2.28,1.1001,.0074,1,-3.407,3.86,-117.226,2.432
71600,1.0928,.0167,2.28,1.1001,.0073,1,-3.407,3.86,-117.226,2.432
71700,1.0933,.0167,2.29,1.0999,.0073,1,-3.407,3.86,-117.226,2.432
71800,1.0937,.0167,2.29,1.0999,.0073,1,-3.407,3.86,-117.226,2.432
71900,1.0936,.0167,2.28,1.0999,.0073,1,-3.407,3.86,-117.226,2.432
72e3,1.0932,.0167,2.28,1.0999,.0073,1,-3.407,3.86,-117.226,2.432
72100,1.0934,.0167,2.29,1.1,.0073,1,-3.407,3.86,-117.226,2.432
72200,1.0929,.0167,2.28,1.0999,.0073,1,-3.407,3.86,-117.226,2.432
72300,1.093,.0167,2.28,1.1001,.0073,1,-3.407,3.86,-117.226,2.432
72400,1.0934,.0166,2.28,1.1001,.0073,1,-3.407,3.86,-117.226,2.432
72500,1.0931,.0166,2.28,1.1003,.0073,1,-3.407,3.86,-117.226,2.432
72600,1.0931,.0166,2.28,1.1003,.0073,1,-3.407,3.86,-117.226,2.432
72700,1.0931,.0166,2.28,1.1003,.0073,1,-3.407,3.86,-117.226,2.432
72800,1.0927,.0166,2.28,1.1003,.0073,1,-3.407,3.86,-117.226,2.432
72900,1.0937,.0166,2.29,1.1004,.0073,1,-3.407,3.86,-117.226,2.432
73e3,1.0941,.0166,2.29,1.1004,.0073,1,-3.407,3.86,-117.226,2.432
73100,1.0944,.0166,2.29,1.1003,.0073,1,-3.407,3.86,-117.226,2.432
73200,1.0945,.0166,2.29,1.1004,.0073,1,-3.407,3.86,-117.226,2.432
73300,1.0945,.0166,2.29,1.1004,.0073,1,-3.407,3.86,-117.226,2.432
73400,1.0941,.0165,2.29,1.1005,.0072,1,-3.407,3.86,-117.226,2.432
73500,1.0941,.0165,2.29,1.1004,.0072,1,-3.407,3.86,-117.226,2.432
73600,1.0937,.0165,2.29,1.1005,.0072,1,-3.407,3.86,-117.226,2.432
73700,1.0937,.0165,2.29,1.1006,.0072,1,-3.407,3.86,-117.226,2.432
73800,1.0939,.0165,2.29,1.1006,.0072,1,-3.407,3.86,-117.226,2.432
73900,1.0934,.0165,2.29,1.1004,.0072,1,-3.407,3.86,-117.226,2.432
74e3,1.0931,.0165,2.29,1.1003,.0072,1,-3.407,3.86,-117.226,2.432
74100,1.0934,.0165,2.29,1.1006,.0072,1,-3.407,3.86,-117.226,2.432
74200,1.0936,.0165,2.29,1.1005,.0072,1,-3.407,3.86,-117.226,2.432
74300,1.0941,.0164,2.29,1.1006,.0072,1,-3.407,3.86,-117.226,2.432
74400,1.0934,.0164,2.29,1.1006,.0072,1,-3.407,3.86,-117.226,2.432
74500,1.0938,.0164,2.29,1.1007,.0072,1,-3.407,3.86,-117.226,2.432
74600,1.0937,.0164,2.29,1.1007,.0072,1,-3.407,3.86,-117.226,2.432
74700,1.0935,.0164,2.29,1.1006,.0072,1,-3.407,3.86,-117.226,2.432
74800,1.0933,.0164,2.29,1.1008,.0072,1,-3.407,3.86,-117.226,2.432
74900,1.0931,.0164,2.28,1.1008,.0072,1,-3.407,3.86,-117.226,2.432
75e3,1.0927,.0163,2.28,1.1007,.0072,1,-3.407,3.86,-117.226,2.432
75100,1.0932,.0163,2.28,1.1008,.0072,1,-3.407,3.86,-117.226,2.432
75200,1.0938,.0163,2.29,1.1008,.0072,1,-3.407,3.86,-117.226,2.432
75300,1.094,.0163,2.29,1.1009,.0072,1,-3.407,3.86,-117.226,2.432
75400,1.0942,.0163,2.29,1.101,.0072,1,-3.407,3.86,-117.226,2.432
75500,1.094,.0163,2.29,1.1009,.0071,1,-3.407,3.86,-117.226,2.432
75600,1.0943,.0163,2.29,1.1007,.0071,1,-3.407,3.86,-117.226,2.432
75700,1.0942,.0163,2.29,1.1007,.0071,1,-3.407,3.86,-117.226,2.432
75800,1.0944,.0163,2.29,1.1009,.0071,1,-3.407,3.86,-117.226,2.432
75900,1.0938,.0163,2.29,1.1008,.0071,1,-3.407,3.86,-117.226,2.432
76e3,1.094,.0163,2.29,1.1012,.0071,1,-3.407,3.86,-117.226,2.432
76100,1.0942,.0162,2.29,1.1014,.0071,1,-3.407,3.86,-117.226,2.432
76200,1.0942,.0162,2.29,1.1016,.0071,1,-3.407,3.86,-117.226,2.432
76300,1.0942,.0162,2.29,1.1015,.0071,1,-3.407,3.86,-117.226,2.432
76400,1.0945,.0162,2.29,1.1017,.0071,1,-3.407,3.86,-117.226,2.432
76500,1.0946,.0162,2.29,1.1017,.0071,1,-3.407,3.86,-117.226,2.432
76600,1.0947,.0162,2.29,1.102,.0071,1,-3.407,3.86,-117.226,2.432
76700,1.0947,.0162,2.29,1.1018,.0071,1,-3.407,3.86,-117.226,2.432
76800,1.095,.0162,2.29,1.1017,.0071,1,-3.407,3.86,-117.226,2.432
76900,1.0953,.0162,2.29,1.1018,.0071,1,-3.407,3.86,-117.226,2.432
77e3,1.0949,.0162,2.29,1.1018,.0071,1,-3.407,3.86,-117.226,2.432
77100,1.0948,.0161,2.29,1.1017,.0071,1,-3.407,3.86,-117.226,2.432
77200,1.0945,.0161,2.29,1.1017,.0071,1,-3.407,3.86,-117.226,2.432
77300,1.0944,.0161,2.29,1.1016,.0071,1,-3.407,3.86,-117.226,2.432
77400,1.0943,.0161,2.29,1.1013,.0071,1,-3.407,3.86,-117.226,2.432
77500,1.0941,.0161,2.29,1.1014,.0071,1,-3.407,3.86,-117.226,2.432
77600,1.0938,.0161,2.29,1.1015,.0071,1,-3.407,3.86,-117.226,2.432
77700,1.0941,.0161,2.29,1.1016,.0071,1,-3.407,3.86,-117.226,2.432
77800,1.0937,.0161,2.29,1.1016,.0071,1,-3.407,3.86,-117.226,2.432
77900,1.0938,.016,2.29,1.1015,.007,1,-3.407,3.86,-117.226,2.432
78e3,1.0942,.016,2.29,1.1017,.007,1,-3.407,3.86,-117.226,2.432
78100,1.0944,.016,2.29,1.1015,.007,1,-3.407,3.86,-117.226,2.432
78200,1.0944,.016,2.29,1.1014,.007,1,-3.407,3.86,-117.226,2.432
78300,1.0946,.016,2.29,1.1014,.007,1,-3.407,3.86,-117.226,2.432
78400,1.0942,.016,2.29,1.1013,.007,1,-3.407,3.86,-117.226,2.432
78500,1.0949,.016,2.29,1.1013,.007,1,-3.407,3.86,-117.226,2.432
78600,1.0948,.016,2.29,1.1011,.007,1,-3.407,3.86,-117.226,2.432
78700,1.0947,.016,2.29,1.1015,.007,1,-3.407,3.86,-117.226,2.432
78800,1.0949,.016,2.29,1.1014,.007,1,-3.407,3.86,-117.226,2.432
78900,1.0956,.016,2.29,1.1015,.007,1,-3.407,3.86,-117.226,2.432
79e3,1.0958,.016,2.29,1.1014,.007,1,-3.407,3.86,-117.226,2.432
79100,1.0958,.0159,2.29,1.1014,.007,1,-3.407,3.86,-117.226,2.432
79200,1.0955,.0159,2.29,1.1012,.007,1,-3.407,3.86,-117.226,2.432
79300,1.0954,.0159,2.29,1.1011,.007,1,-3.407,3.86,-117.226,2.432
79400,1.0956,.0159,2.29,1.1012,.007,1,-3.407,3.86,-117.226,2.432
79500,1.0955,.0159,2.29,1.101,.007,1,-3.407,3.86,-117.226,2.432
79600,1.096,.0159,2.29,1.1011,.007,1,-3.407,3.86,-117.226,2.432
79700,1.0962,.0159,2.29,1.1011,.007,1,-3.407,3.86,-117.226,2.432
79800,1.0962,.0159,2.29,1.1011,.007,1,-3.407,3.86,-117.226,2.432
79900,1.0963,.0159,2.29,1.1011,.007,1.01,-3.407,3.86,-117.226,2.432
8e4,1.0964,.0159,2.29,1.101,.007,1,-3.407,3.86,-117.226,2.432
80100,1.0968,.0159,2.29,1.1009,.007,1,-3.407,3.86,-117.226,2.432
80200,1.097,.0158,2.29,1.1006,.007,1,-3.407,3.86,-117.226,2.432
80300,1.097,.0158,2.29,1.1008,.0069,1,-3.407,3.86,-117.226,2.432
80400,1.0969,.0158,2.29,1.1009,.0069,1,-3.407,3.86,-117.226,2.432
80500,1.0972,.0158,2.29,1.1011,.0069,1,-3.407,3.86,-117.226,2.432
80600,1.0977,.0158,2.29,1.1011,.0069,1,-3.407,3.86,-117.226,2.432
80700,1.0975,.0158,2.29,1.101,.0069,1,-3.407,3.86,-117.226,2.432
80800,1.0974,.0158,2.29,1.1009,.0069,1,-3.407,3.86,-117.226,2.432
80900,1.0976,.0158,2.29,1.1009,.0069,1,-3.407,3.86,-117.226,2.432
81e3,1.0972,.0158,2.29,1.101,.0069,1,-3.407,3.86,-117.226,2.432
81100,1.0971,.0158,2.29,1.1009,.0069,1,-3.407,3.86,-117.226,2.432
81200,1.0967,.0157,2.29,1.1009,.0069,1,-3.407,3.86,-117.226,2.432
81300,1.0965,.0157,2.29,1.1007,.0069,1,-3.407,3.86,-117.226,2.432
81400,1.0963,.0157,2.29,1.1008,.0069,1,-3.407,3.86,-117.226,2.432
81500,1.0965,.0157,2.29,1.1007,.0069,1,-3.407,3.86,-117.226,2.432
81600,1.0965,.0157,2.29,1.1008,.0069,1,-3.407,3.86,-117.226,2.432
81700,1.0964,.0157,2.29,1.1006,.0069,1,-3.407,3.86,-117.226,2.432
81800,1.0968,.0157,2.29,1.1007,.0069,1,-3.407,3.86,-117.226,2.432
81900,1.097,.0157,2.29,1.1006,.0069,1,-3.407,3.86,-117.226,2.432
82e3,1.0971,.0157,2.29,1.1006,.0069,1,-3.407,3.86,-117.226,2.432
82100,1.0972,.0157,2.29,1.1006,.0069,1,-3.407,3.86,-117.226,2.432
82200,1.097,.0156,2.29,1.1007,.0068,1,-3.407,3.86,-117.226,2.432
82300,1.0968,.0156,2.29,1.1008,.0068,1,-3.407,3.86,-117.226,2.432
82400,1.0966,.0156,2.29,1.1007,.0068,1,-3.407,3.86,-117.226,2.432
82500,1.0963,.0156,2.29,1.1005,.0068,1,-3.407,3.86,-117.226,2.432
82600,1.0965,.0156,2.29,1.1006,.0068,1,-3.407,3.86,-117.226,2.432
82700,1.0967,.0156,2.29,1.1005,.0068,1,-3.407,3.86,-117.226,2.432
82800,1.0968,.0156,2.29,1.1006,.0068,1,-3.407,3.86,-117.226,2.432
82900,1.0964,.0156,2.29,1.1005,.0068,1,-3.407,3.86,-117.226,2.432
83e3,1.0964,.0156,2.29,1.1004,.0068,1,-3.407,3.86,-117.226,2.432
83100,1.0966,.0156,2.29,1.1005,.0068,1,-3.407,3.86,-117.226,2.432
83200,1.0967,.0155,2.29,1.1006,.0068,1,-3.407,3.86,-117.226,2.432
83300,1.0971,.0155,2.29,1.1006,.0068,1,-3.407,3.86,-117.226,2.432
83400,1.0974,.0155,2.29,1.1005,.0068,1,-3.407,3.86,-117.226,2.432
83500,1.0974,.0155,2.29,1.1004,.0068,1,-3.407,3.86,-117.226,2.432
83600,1.0973,.0155,2.29,1.1001,.0068,1,-3.407,3.86,-117.226,2.432
83700,1.0973,.0155,2.29,1.1002,.0068,1,-3.407,3.86,-117.226,2.432
83800,1.0972,.0155,2.29,1.1001,.0068,1,-3.407,3.86,-117.226,2.432
83900,1.097,.0155,2.29,1.1,.0068,1,-3.407,3.86,-117.226,2.432
84e3,1.0968,.0155,2.29,1.0999,.0068,1,-3.407,3.86,-117.226,2.432
84100,1.0965,.0155,2.29,1.1,.0068,1,-3.407,3.86,-117.226,2.432
84200,1.0962,.0154,2.29,1.1,.0068,1,-3.407,3.86,-117.226,2.432
84300,1.096,.0154,2.29,1.1001,.0068,1,-3.407,3.86,-117.226,2.432
84400,1.0963,.0154,2.29,1.1001,.0068,1,-3.407,3.86,-117.226,2.432
84500,1.0962,.0154,2.29,1.1001,.0068,1,-3.407,3.86,-117.226,2.432
84600,1.0964,.0154,2.29,1.1001,.0068,1,-3.407,3.86,-117.226,2.432
84700,1.0961,.0154,2.29,1.1001,.0067,1,-3.407,3.86,-117.226,2.432
84800,1.0962,.0154,2.29,1.1,.0067,1,-3.407,3.86,-117.226,2.432
84900,1.0964,.0154,2.29,1.1002,.0067,1,-3.407,3.86,-117.226,2.432
85e3,1.0961,.0154,2.29,1.1001,.0067,1,-3.407,3.86,-117.226,2.432
85100,1.0962,.0154,2.29,1.0999,.0067,1,-3.407,3.86,-117.226,2.432
85200,1.0971,.0154,2.29,1.1001,.0067,1,-3.407,3.86,-117.226,2.432
85300,1.0968,.0153,2.29,1.0999,.0067,1,-3.407,3.86,-117.226,2.432
85400,1.0971,.0153,2.29,1.0996,.0067,1,-3.407,3.86,-117.226,2.432
85500,1.0978,.0153,2.29,1.0996,.0067,1,-3.407,3.86,-117.226,2.432
85600,1.0978,.0153,2.29,1.0996,.0067,1,-3.407,3.86,-117.226,2.432
85700,1.0976,.0153,2.29,1.0996,.0067,1,-3.407,3.86,-117.226,2.432
85800,1.0973,.0153,2.29,1.0995,.0067,1,-3.407,3.86,-117.226,2.432
85900,1.0976,.0153,2.29,1.0996,.0067,1,-3.407,3.86,-117.226,2.432
86e3,1.0976,.0153,2.29,1.0996,.0067,1,-3.407,3.86,-117.226,2.432
86100,1.0978,.0153,2.29,1.0997,.0067,1,-3.407,3.86,-117.226,2.432
86200,1.0976,.0153,2.29,1.0996,.0067,1,-3.407,3.86,-117.226,2.432
86300,1.0979,.0153,2.29,1.0995,.0067,1,-3.407,3.86,-117.226,2.432
86400,1.0979,.0153,2.29,1.0994,.0067,1,-3.407,3.86,-117.226,2.432
86500,1.0984,.0153,2.29,1.0996,.0067,1,-3.407,3.86,-117.226,2.432
86600,1.0986,.0153,2.29,1.0997,.0067,1,-3.407,3.86,-117.226,2.432
86700,1.0984,.0152,2.29,1.0994,.0067,1,-3.407,3.86,-117.226,2.432
86800,1.0986,.0152,2.29,1.0992,.0067,1,-3.407,3.86,-117.226,2.432
86900,1.0987,.0152,2.29,1.0992,.0067,1,-3.407,3.86,-117.226,2.432
87e3,1.0982,.0152,2.29,1.0996,.0067,1,-3.407,3.86,-117.226,2.432
87100,1.0988,.0152,2.29,1.0996,.0067,1,-3.407,3.86,-117.226,2.432
87200,1.0991,.0152,2.29,1.0998,.0067,1,-3.407,3.86,-117.226,2.432
87300,1.0994,.0152,2.29,1.0999,.0067,1,-3.407,3.86,-117.226,2.432
87400,1.0989,.0152,2.29,1.0998,.0067,1,-3.407,3.86,-117.226,2.432
87500,1.0985,.0152,2.29,1.0998,.0067,1,-3.407,3.86,-117.226,2.432
87600,1.0979,.0152,2.29,1.0997,.0066,1,-3.407,3.86,-117.226,2.432
87700,1.0979,.0152,2.29,1.0998,.0066,1,-3.407,3.86,-117.226,2.432
87800,1.0975,.0151,2.29,1.0996,.0066,1,-3.407,3.86,-117.226,2.432
87900,1.0973,.0151,2.29,1.0995,.0066,1,-3.407,3.86,-117.226,2.432
88e3,1.0974,.0151,2.29,1.0994,.0066,1,-3.407,3.86,-117.226,2.432
88100,1.0971,.0151,2.29,1.0994,.0066,1,-3.407,3.86,-117.226,2.432
88200,1.0971,.0151,2.29,1.0994,.0066,1,-3.407,3.86,-117.226,2.432
88300,1.0973,.0151,2.29,1.0994,.0066,1,-3.407,3.86,-117.226,2.432
88400,1.0977,.0151,2.29,1.0994,.0066,1,-3.407,3.86,-117.226,2.432
88500,1.0979,.0151,2.29,1.0994,.0066,1,-3.407,3.86,-117.226,2.432
88600,1.0979,.0151,2.29,1.0994,.0066,1,-3.407,3.86,-117.226,2.432
88700,1.0977,.0151,2.29,1.0993,.0066,1,-3.407,3.86,-117.226,2.432
88800,1.0974,.0151,2.29,1.0993,.0066,1,-3.407,3.86,-117.226,2.432
88900,1.0979,.015,2.29,1.0993,.0066,1,-3.407,3.86,-117.226,2.432
89e3,1.0978,.015,2.29,1.0992,.0066,1,-3.407,3.86,-117.226,2.432
89100,1.098,.015,2.29,1.0992,.0066,1,-3.407,3.86,-117.226,2.432
89200,1.098,.015,2.29,1.0993,.0066,1,-3.407,3.86,-117.226,2.432
89300,1.0981,.015,2.29,1.0994,.0066,1,-3.407,3.86,-117.226,2.432
89400,1.0982,.015,2.29,1.0993,.0066,1,-3.407,3.86,-117.226,2.432
89500,1.098,.015,2.29,1.0993,.0066,1,-3.407,3.86,-117.226,2.432
89600,1.0985,.015,2.29,1.0996,.0066,1,-3.407,3.86,-117.226,2.432
89700,1.0986,.015,2.29,1.0996,.0066,1,-3.407,3.86,-117.226,2.432
89800,1.0985,.015,2.29,1.0997,.0066,1,-3.407,3.86,-117.226,2.432
89900,1.0987,.015,2.29,1.0997,.0066,1,-3.407,3.86,-117.226,2.432
9e4,1.0984,.015,2.29,1.0997,.0066,1,-3.407,3.86,-117.226,2.432
90100,1.0982,.015,2.29,1.0999,.0066,1,-3.407,3.86,-117.226,2.432
90200,1.0979,.0149,2.29,1.1,.0065,1,-3.407,3.86,-117.226,2.432
90300,1.0981,.0149,2.29,1.1,.0065,1,-3.407,3.86,-117.226,2.432
90400,1.0986,.0149,2.29,1.0998,.0065,1,-3.407,3.86,-117.226,2.432
90500,1.0986,.0149,2.29,1.0997,.0065,1,-3.407,3.86,-117.226,2.432
90600,1.0983,.0149,2.29,1.0998,.0065,1,-3.407,3.86,-117.226,2.432
90700,1.0982,.0149,2.29,1.0999,.0065,1,-3.407,3.86,-117.226,2.432
90800,1.098,.0149,2.29,1.0999,.0065,1,-3.407,3.86,-117.226,2.432
90900,1.0984,.0149,2.29,1.0998,.0065,1,-3.407,3.86,-117.226,2.432
91e3,1.0982,.0149,2.29,1.0999,.0065,1,-3.407,3.86,-117.226,2.432
91100,1.0981,.0149,2.29,1.0998,.0065,1,-3.407,3.86,-117.226,2.432
91200,1.098,.0149,2.29,1.0997,.0065,1,-3.407,3.86,-117.226,2.432
91300,1.0978,.0149,2.29,1.0998,.0065,1,-3.407,3.86,-117.226,2.432
91400,1.0979,.0148,2.29,1.0998,.0065,1,-3.407,3.86,-117.226,2.432
91500,1.0975,.0148,2.29,1.0998,.0065,1,-3.407,3.86,-117.226,2.432
91600,1.0972,.0148,2.29,1.0997,.0065,1,-3.407,3.86,-117.226,2.432
91700,1.0969,.0148,2.29,1.0997,.0065,1,-3.407,3.86,-117.226,2.432
91800,1.0968,.0148,2.29,1.0997,.0065,1,-3.407,3.86,-117.226,2.432
91900,1.0969,.0148,2.29,1.0997,.0065,1,-3.407,3.86,-117.226,2.432
92e3,1.0969,.0148,2.29,1.0996,.0065,1,-3.407,3.86,-117.226,2.432
92100,1.0971,.0148,2.29,1.0996,.0065,1,-3.407,3.86,-117.226,2.432
92200,1.0967,.0148,2.29,1.0996,.0065,1,-3.407,3.86,-117.226,2.432
92300,1.097,.0148,2.29,1.0997,.0065,1,-3.407,3.86,-117.226,2.432
92400,1.097,.0148,2.29,1.0998,.0065,1,-3.407,3.86,-117.226,2.432
92500,1.0973,.0148,2.29,1.0998,.0065,1,-3.407,3.86,-117.226,2.432
92600,1.0971,.0147,2.29,1.0997,.0065,1,-3.407,3.86,-117.226,2.432
92700,1.0971,.0147,2.29,1.0997,.0065,1,-3.407,3.86,-117.226,2.432
92800,1.0973,.0147,2.29,1.0995,.0064,1,-3.407,3.86,-117.226,2.432
92900,1.0976,.0147,2.29,1.0994,.0064,1,-3.407,3.86,-117.226,2.432
93e3,1.0978,.0147,2.29,1.0994,.0064,1,-3.407,3.86,-117.226,2.432
93100,1.0979,.0147,2.29,1.0992,.0064,1,-3.407,3.86,-117.226,2.432
93200,1.0977,.0147,2.29,1.0992,.0064,1,-3.407,3.86,-117.226,2.432
93300,1.098,.0147,2.29,1.0991,.0064,1,-3.407,3.86,-117.226,2.432
93400,1.0977,.0147,2.29,1.099,.0064,1,-3.407,3.86,-117.226,2.432
93500,1.0975,.0147,2.29,1.099,.0064,1,-3.407,3.86,-117.226,2.432
93600,1.0978,.0147,2.29,1.099,.0064,1,-3.407,3.86,-117.226,2.432
93700,1.0977,.0147,2.29,1.0991,.0064,1,-3.407,3.86,-117.226,2.432
93800,1.0975,.0146,2.29,1.0989,.0064,1,-3.407,3.86,-117.226,2.432
93900,1.0976,.0146,2.29,1.0992,.0064,1,-3.407,3.86,-117.226,2.432
94e3,1.0981,.0146,2.29,1.0991,.0064,1,-3.407,3.86,-117.226,2.432
94100,1.0979,.0146,2.29,1.0992,.0064,1,-3.407,3.86,-117.226,2.432
94200,1.0979,.0146,2.29,1.0993,.0064,1,-3.407,3.86,-117.226,2.432
94300,1.0975,.0146,2.29,1.0991,.0064,1,-3.407,3.86,-117.226,2.432
94400,1.0975,.0146,2.29,1.099,.0064,1,-3.407,3.86,-117.226,2.432
94500,1.0972,.0146,2.29,1.0991,.0064,1,-3.407,3.86,-117.226,2.432
94600,1.0976,.0146,2.29,1.0991,.0064,1,-3.407,3.86,-117.226,2.432
94700,1.0977,.0146,2.29,1.0991,.0064,1,-3.407,3.86,-117.226,2.432
94800,1.0975,.0146,2.29,1.0992,.0064,1,-3.407,3.86,-117.226,2.432
94900,1.0973,.0146,2.29,1.0993,.0064,1,-3.407,3.86,-117.226,2.432
95e3,1.0972,.0146,2.29,1.0993,.0064,1,-3.407,3.86,-117.226,2.432
95100,1.0973,.0145,2.29,1.0993,.0064,1,-3.407,3.86,-117.226,2.432
95200,1.0974,.0145,2.29,1.0993,.0064,1,-3.407,3.86,-117.226,2.432
95300,1.0973,.0145,2.29,1.0992,.0064,1,-3.407,3.86,-117.226,2.432
95400,1.0973,.0145,2.29,1.0993,.0064,1,-3.407,3.86,-117.226,2.432
95500,1.0972,.0145,2.29,1.0992,.0063,1,-3.407,3.86,-117.226,2.432
95600,1.0971,.0145,2.29,1.0995,.0063,1,-3.407,3.86,-117.226,2.432
95700,1.0968,.0145,2.29,1.0997,.0063,1,-3.407,3.86,-117.226,2.432
95800,1.0967,.0145,2.29,1.0997,.0063,1,-3.407,3.86,-117.226,2.432
95900,1.0966,.0145,2.29,1.0997,.0063,1,-3.407,3.86,-117.226,2.432
96e3,1.097,.0145,2.29,1.0996,.0063,1,-3.407,3.86,-117.226,2.432
96100,1.097,.0145,2.29,1.0997,.0063,1,-3.407,3.86,-117.226,2.432
96200,1.0971,.0145,2.29,1.1,.0063,1,-3.407,3.86,-117.226,2.432
96300,1.0981,.0145,2.29,1.1001,.0063,1,-3.407,3.86,-117.226,2.432
96400,1.0981,.0145,2.29,1.1001,.0063,1,-3.407,3.86,-117.226,2.432
96500,1.0983,.0144,2.29,1.1003,.0063,1,-3.407,3.86,-117.226,2.432
96600,1.0981,.0144,2.29,1.1003,.0063,1,-3.407,3.86,-117.226,2.432
96700,1.0979,.0144,2.29,1.1003,.0063,1,-3.407,3.86,-117.226,2.432
96800,1.0977,.0144,2.29,1.1003,.0063,1,-3.407,3.86,-117.226,2.432
96900,1.0977,.0144,2.29,1.1003,.0063,1,-3.407,3.86,-117.226,2.432
97e3,1.0976,.0144,2.29,1.1002,.0063,1,-3.407,3.86,-117.226,2.432
97100,1.0974,.0144,2.29,1.1002,.0063,1,-3.407,3.86,-117.226,2.432
97200,1.0972,.0144,2.29,1.1001,.0063,1,-3.407,3.86,-117.226,2.432
97300,1.097,.0144,2.29,1.1002,.0063,1,-3.407,3.86,-117.226,2.432
97400,1.0969,.0144,2.29,1.1001,.0063,1,-3.407,3.86,-117.226,2.432
97500,1.097,.0144,2.29,1.1,.0063,1,-3.407,3.86,-117.226,2.432
97600,1.0971,.0144,2.29,1.1,.0063,1,-3.407,3.86,-117.226,2.432
97700,1.0972,.0143,2.29,1.1,.0063,1,-3.407,3.86,-117.226,2.432
97800,1.0973,.0143,2.29,1.1001,.0063,1,-3.407,3.86,-117.226,2.432
97900,1.0975,.0143,2.29,1.1001,.0063,1,-3.407,3.86,-117.226,2.432
98e3,1.0973,.0143,2.29,1.1,.0063,1,-3.407,3.86,-117.226,2.432
98100,1.0975,.0143,2.29,1.1,.0063,1,-3.407,3.86,-117.226,2.432
98200,1.0976,.0143,2.29,1.0998,.0063,1,-3.407,3.86,-117.226,2.432
98300,1.0977,.0143,2.29,1.0997,.0063,1,-3.407,3.86,-117.226,2.432
98400,1.0978,.0143,2.29,1.0998,.0063,1,-3.407,3.86,-117.226,2.432
98500,1.0978,.0143,2.29,1.0998,.0063,1,-3.407,3.86,-117.226,2.432
98600,1.0976,.0143,2.29,1.0998,.0063,1,-3.407,3.86,-117.226,2.432
98700,1.0975,.0143,2.29,1.0998,.0063,1,-3.407,3.86,-117.226,2.432
98800,1.0977,.0143,2.29,1.0997,.0062,1,-3.407,3.86,-117.226,2.432
98900,1.0978,.0143,2.29,1.0996,.0062,1,-3.407,3.86,-117.226,2.432
99e3,1.0977,.0143,2.29,1.0995,.0062,1,-3.407,3.86,-117.226,2.432
99100,1.0974,.0142,2.29,1.0994,.0062,1,-3.407,3.86,-117.226,2.432
99200,1.0975,.0142,2.29,1.0993,.0062,1,-3.407,3.86,-117.226,2.432
99300,1.0971,.0142,2.29,1.0995,.0062,1,-3.407,3.86,-117.226,2.432
99400,1.097,.0142,2.29,1.0995,.0062,1,-3.407,3.86,-117.226,2.432
99500,1.097,.0142,2.29,1.0995,.0062,1,-3.407,3.86,-117.226,2.432
99600,1.0969,.0142,2.29,1.0995,.0062,1,-3.407,3.86,-117.226,2.432
99700,1.0971,.0142,2.29,1.0996,.0062,1,-3.407,3.86,-117.226,2.432
99800,1.097,.0142,2.29,1.0996,.0062,1,-3.407,3.86,-117.226,2.432
99900,1.0973,.0142,2.29,1.0995,.0062,1,-3.407,3.86,-117.226,2.432
1e5,1.0974,.0142,2.29,1.0995,.0062,1,-3.407,3.86,-117.226,2.432
0,0,0,0,0,0,0,0,0,0,0
